Examinee ID,Group,Inclusion Code,Item.001,Item.002,Item.003,Item.004,Item.005,Item.006,Item.007,Item.008,Item.009,Item.010,Item.011,Item.012,Item.013,Item.014,Item.015,Item.016,Item.017,Item.018,Item.019,Item.020,Item.021,Item.022,Item.023,Item.024,Item.025,Item.026,Item.027,Item.028,Item.029,Item.030,Item.031,Item.032,Item.033,Item.034,Item.035,Item.036,Item.037,Item.038,Item.039,Item.040
Ex001,M,Y,A,D,C,D,A,D,A,C,D,B,A,A,D,C,C,D,A,B,B,B,C,D,D,A,C,B,D,A,C,D,D,C,D,A,B,C,S,S,S,S
Ex002,M,Y,A,D,C,D,B,D,A,C,D,B,A,A,D,C,C,D,A,B,B,B,B,D,B,A,C,B,D,A,C,D,D,C,D,A,B,C,C,A,S,S
Ex003,M,Y,A,D,C,D,B,D,A,A,D,A,A,A,D,C,C,D,A,B,A,B,C,D,B,A,C,B,D,A,C,D,D,C,D,A,B,A,D,A,S,S
Ex004,M,Y,A,D,C,D,B,D,A,C,D,B,A,A,D,C,C,D,A,B,B,B,C,A,D,A,C,B,D,A,C,D,D,C,D,A,B,C,D,A,S,S
Ex005,M,Y,A,D,C,D,B,D,A,C,D,B,A,A,D,C,C,A,A,B,B,B,C,D,D,A,C,B,D,B,C,D,D,C,D,A,B,C,C,A,S,S
Ex006,M,Y,A,D,C,A,B,A,A,C,A,B,A,A,D,C,C,D,A,B,B,B,C,D,A,A,C,B,D,C,C,A,D,C,D,A,B,C,D,A,A,A
Ex007,M,Y,A,D,C,D,B,D,A,C,D,B,A,A,D,C,C,A,A,B,C,B,C,D,D,C,C,B,D,C,C,D,D,C,D,A,B,C,D,A,B,B
Ex008,M,Y,D,D,A,D,B,D,A,C,D,B,A,A,D,C,C,D,A,B,B,B,B,D,D,A,C,B,D,D,C,D,D,B,D,B,B,A,D,A,B,B
Ex009,M,Y,A,D,C,D,B,D,A,C,D,B,A,A,D,C,C,D,A,C,B,B,C,A,D,A,C,B,D,B,C,D,D,C,D,A,B,C,A,A,B,B
Ex010,M,Y,A,C,C,D,B,D,A,C,D,C,A,A,D,C,C,D,A,B,B,B,C,D,A,A,C,B,D,C,C,C,D,C,D,A,C,C,D,A,B,B
Ex011,M,Y,A,D,C,D,B,D,A,C,D,B,A,A,D,C,C,D,A,B,B,B,C,D,D,A,C,B,D,A,C,D,D,C,D,A,B,C,C,A,B,B
Ex012,M,Y,A,D,C,D,B,D,A,C,D,B,A,A,D,C,C,D,A,B,B,B,C,D,D,A,C,C,D,D,C,D,D,C,D,A,B,C,D,A,B,B
Ex013,M,Y,A,D,C,D,B,D,A,C,D,C,A,A,D,C,C,D,A,B,B,B,C,A,D,D,C,B,D,C,C,D,A,B,D,A,B,C,D,A,B,B
Ex014,M,Y,A,D,A,D,B,D,A,C,D,B,A,A,D,C,C,D,A,B,B,B,C,A,D,A,C,B,D,A,C,D,D,C,D,B,B,A,D,A,B,B
Ex015,M,Y,A,D,C,D,B,D,A,C,D,B,A,A,D,C,C,D,A,A,C,B,B,D,C,A,B,B,D,D,C,A,D,C,D,A,B,C,D,A,A,B
Ex016,M,Y,A,D,C,D,B,D,A,C,D,B,A,A,D,D,C,D,A,B,B,B,C,D,D,A,C,B,D,A,C,D,D,C,D,A,B,C,D,A,B,B
Ex017,M,Y,A,D,C,D,B,D,A,C,D,B,A,A,D,A,C,D,A,B,B,B,C,D,D,A,C,B,D,C,C,C,D,C,D,A,B,C,D,A,B,B
Ex018,M,Y,A,D,A,D,B,D,A,C,C,B,A,A,D,C,C,D,A,B,D,B,D,C,D,D,C,C,D,D,C,D,B,B,D,A,B,A,D,C,B,B
Ex019,M,Y,A,A,D,D,B,D,A,D,D,B,C,C,D,D,D,A,A,B,B,A,C,C,D,A,C,C,D,C,C,D,D,C,D,B,B,A,D,A,B,B
Ex020,M,Y,B,D,C,D,B,D,A,C,D,B,A,A,D,C,C,D,A,B,C,B,C,D,C,A,C,A,D,A,C,D,D,C,D,A,B,C,D,A,B,B
Ex021,M,Y,A,D,C,D,B,B,A,C,D,B,A,B,D,C,C,D,A,B,B,B,C,D,D,A,C,B,D,B,C,D,D,C,D,A,B,C,D,A,B,B
Ex022,M,Y,A,B,C,D,B,D,A,C,D,B,A,A,D,B,C,D,A,B,B,B,C,C,D,C,B,A,D,C,C,C,A,C,D,B,C,C,B,C,C,B
Ex023,M,Y,A,D,C,D,B,D,A,C,D,B,A,A,D,C,C,B,A,B,B,B,C,C,D,A,C,B,D,B,C,D,D,C,D,A,B,C,D,A,B,B
Ex024,M,Y,A,D,C,D,B,D,A,C,D,B,A,A,C,C,C,D,A,B,B,B,C,D,D,A,C,B,A,A,C,A,D,A,C,A,C,C,D,A,B,B
Ex025,M,Y,A,D,B,D,B,D,A,C,D,B,A,A,D,C,C,D,A,B,B,B,C,D,D,A,C,B,D,C,C,D,D,C,D,A,B,C,C,A,B,B
Ex026,M,Y,A,D,C,D,B,D,A,C,D,B,A,A,D,A,C,D,A,B,B,B,C,C,D,A,C,D,D,A,C,D,D,C,D,A,B,C,D,A,B,B
Ex027,M,Y,A,D,C,D,B,D,A,C,D,B,A,A,D,C,B,D,A,B,B,B,C,C,C,C,B,B,D,D,C,A,A,C,D,A,B,C,D,A,B,A
Ex028,M,Y,A,D,C,D,B,D,A,B,D,B,A,A,D,C,C,D,A,B,B,B,C,D,C,A,C,B,D,A,C,D,D,C,D,A,B,C,C,A,B,B
Ex029,M,Y,A,D,C,D,B,D,A,D,D,B,A,A,D,C,C,D,A,D,B,B,A,A,D,A,C,D,D,A,C,D,D,A,D,A,B,C,D,C,B,B
Ex030,M,Y,A,D,C,D,B,D,A,C,D,B,A,A,D,C,C,D,A,B,B,B,C,D,D,A,C,B,D,A,C,D,D,C,D,A,B,C,D,A,B,B
Ex031,F,Y,B,D,C,D,B,B,A,C,D,B,B,C,D,C,C,C,A,D,B,B,C,C,D,A,D,B,D,C,C,D,D,C,D,A,C,D,A,C,B,B
Ex032,F,Y,A,D,D,D,B,D,A,C,D,B,A,A,D,C,C,D,A,B,B,B,C,A,D,A,C,A,D,D,C,A,A,C,D,A,C,C,D,A,B,B
Ex033,F,Y,A,D,C,D,B,D,A,C,D,B,A,A,D,C,C,D,A,B,B,B,C,A,D,A,C,B,D,A,C,D,D,C,D,A,B,C,D,A,B,B
Ex034,F,Y,A,D,C,D,B,D,A,C,D,B,A,A,D,A,C,D,A,B,B,B,C,D,D,A,D,D,D,D,C,D,D,C,D,A,B,C,D,A,B,B
Ex035,F,Y,A,D,C,D,B,D,A,C,D,A,A,A,D,C,C,D,A,B,A,B,C,D,B,A,C,D,D,C,C,D,D,C,A,A,B,C,D,A,C,B
Ex036,F,Y,A,D,B,D,B,B,A,C,B,B,C,C,D,D,C,D,A,B,B,B,A,A,D,B,C,A,D,D,C,D,D,C,D,A,B,C,A,A,B,A
Ex037,F,Y,A,D,C,D,B,D,A,C,D,B,A,A,D,C,C,D,A,B,B,B,C,D,D,A,C,B,D,A,C,D,A,B,D,A,B,C,D,A,B,B
Ex038,F,Y,A,D,C,D,B,D,A,C,D,B,A,A,D,A,C,D,A,B,B,B,C,D,D,A,D,A,D,A,C,D,D,C,D,A,A,C,A,A,C,B
Ex039,F,Y,A,D,C,D,B,D,A,C,D,B,A,A,D,C,C,D,A,B,B,B,C,D,D,A,C,B,D,A,C,D,D,C,D,A,B,C,D,A,B,B
Ex040,F,Y,A,D,B,D,B,D,A,C,D,C,A,A,C,B,B,D,D,C,C,B,C,B,D,A,D,A,D,D,C,D,D,C,D,A,B,C,A,A,B,B
Ex041,F,Y,A,D,C,C,B,D,A,C,D,B,A,B,D,C,C,D,A,B,B,B,C,B,D,A,C,A,D,C,C,A,D,B,D,A,B,C,A,A,C,B
Ex042,F,Y,A,D,C,D,B,D,A,C,D,B,B,A,D,C,C,D,A,B,B,B,C,D,D,A,C,C,D,A,C,D,D,C,D,A,A,C,D,C,B,B
Ex043,F,Y,A,C,C,D,B,D,A,C,D,B,A,A,D,C,C,B,A,B,B,B,C,D,D,A,C,B,D,A,C,D,D,C,D,A,B,C,D,C,B,B
Ex044,F,Y,A,D,C,D,B,D,A,C,D,B,A,B,D,C,C,D,A,B,B,B,C,D,D,A,C,C,D,A,C,D,D,C,D,A,B,C,D,A,B,B
Ex045,F,Y,A,D,B,D,B,D,C,C,D,B,A,C,D,C,C,B,B,C,B,C,C,C,D,A,C,B,D,C,C,D,D,C,D,A,A,C,A,A,C,B
Ex046,F,Y,B,D,C,D,B,D,A,C,D,B,A,A,D,C,C,D,A,B,B,B,C,D,D,A,C,B,D,A,C,D,D,C,D,A,B,C,D,A,B,B
Ex047,F,Y,A,D,C,D,B,C,A,C,D,B,A,A,D,C,C,B,A,B,B,B,C,D,D,A,C,B,D,A,C,D,D,C,D,A,B,C,D,A,B,B
Ex048,F,Y,A,D,B,D,B,B,A,C,A,C,A,A,A,C,C,D,A,A,C,B,C,A,D,A,D,B,D,D,C,D,D,C,D,B,A,C,A,D,B,B
Ex049,F,Y,A,D,C,D,B,D,A,C,C,B,A,A,D,C,C,D,A,C,B,B,C,D,D,A,C,A,C,C,C,D,C,C,D,A,B,C,A,C,A,B
Ex050,F,Y,A,D,C,D,B,D,A,C,D,B,A,A,D,C,C,D,A,B,B,B,C,D,D,A,D,B,D,C,C,D,D,C,D,B,B,C,D,A,B,B
Ex051,F,Y,A,A,C,C,B,D,D,C,D,B,A,B,D,C,C,D,A,B,B,B,C,B,D,A,C,A,D,C,C,A,D,B,D,A,B,C,A,A,C,B
Ex052,F,Y,A,D,C,D,B,D,A,C,D,B,B,A,D,D,C,D,A,B,B,B,C,D,D,A,C,C,D,A,C,D,D,C,D,A,A,C,D,C,B,B
Ex053,F,Y,A,C,C,A,B,D,A,C,A,B,A,A,C,C,C,B,A,B,A,B,C,A,D,A,C,B,D,A,C,D,D,C,D,A,B,C,D,C,B,B
Ex054,F,Y,A,D,C,D,B,A,A,C,D,B,A,B,B,C,C,D,A,B,B,B,C,D,D,A,C,C,D,A,C,D,D,C,D,A,B,C,D,A,B,B
Ex055,F,Y,A,D,B,D,B,D,C,A,D,B,A,C,D,C,D,B,B,C,B,C,C,C,D,A,C,B,D,C,C,D,D,C,D,A,A,C,A,A,C,B
Ex056,F,Y,B,D,C,D,B,D,A,C,D,B,A,A,D,C,C,D,A,B,B,B,B,D,D,A,C,B,D,A,C,D,D,C,D,A,B,C,D,A,B,B
Ex057,F,Y,A,A,C,A,B,C,A,C,D,B,A,A,D,C,C,B,A,B,B,B,C,D,A,A,C,B,D,A,C,D,D,C,D,A,B,B,D,A,B,B
Ex058,F,Y,A,D,B,D,B,B,A,C,A,C,A,A,A,C,C,D,A,A,C,B,C,A,D,A,D,B,D,B,C,D,D,C,D,B,A,C,A,D,B,B
Ex059,F,Y,A,D,C,D,B,D,A,C,C,B,A,A,A,C,C,D,A,C,B,B,C,D,D,A,C,A,C,C,C,B,C,C,D,A,B,C,A,C,A,B
Ex060,F,Y,A,D,C,D,B,D,A,C,D,B,A,A,D,C,A,D,A,B,B,B,C,D,D,A,D,B,D,C,C,D,D,C,B,B,B,C,D,A,B,B
Ex061,M,Y,A,D,C,D,A,D,A,C,D,B,A,A,D,C,C,D,A,B,B,B,C,D,D,A,C,B,D,A,C,D,D,C,D,A,B,C,S,S,S,S
Ex062,M,Y,A,D,C,D,B,D,A,C,D,B,A,A,D,C,C,D,A,B,B,B,B,D,B,A,C,B,D,A,C,D,D,C,D,A,B,C,C,A,S,S
Ex063,M,Y,A,D,C,D,B,D,A,A,D,A,A,A,D,C,C,D,A,B,A,B,C,D,B,A,C,B,D,A,C,D,D,C,D,A,B,A,D,A,S,S
Ex064,M,Y,A,D,C,D,B,D,A,C,D,B,A,A,D,C,C,D,A,B,B,B,C,A,D,A,C,B,D,A,C,D,D,C,D,A,B,C,D,A,S,S
Ex065,M,Y,A,D,C,D,B,D,A,C,D,B,A,A,D,C,C,A,A,B,B,B,C,D,D,A,C,B,D,B,C,D,D,C,D,A,B,C,C,A,S,S
Ex066,M,Y,A,D,C,A,B,A,A,C,A,B,A,A,D,C,C,D,A,B,B,B,C,D,A,A,C,B,D,C,C,A,D,C,D,A,B,C,D,A,A,A
Ex067,M,Y,A,D,C,D,B,D,A,C,D,B,A,A,D,C,C,A,A,B,C,B,C,D,D,C,C,B,D,C,C,D,D,C,D,A,B,C,D,A,B,B
Ex068,M,Y,D,D,A,D,B,D,A,C,D,B,A,A,D,C,C,D,A,B,B,B,B,D,D,A,C,B,D,D,C,D,D,B,D,B,B,A,D,A,B,B
Ex069,M,Y,A,D,C,D,B,D,A,C,D,B,A,A,D,C,C,D,A,C,B,B,C,A,D,A,C,B,D,B,C,D,D,C,D,A,B,C,A,A,B,B
Ex070,M,Y,A,C,C,D,B,D,A,C,D,C,A,A,D,C,C,D,A,B,B,B,C,D,A,A,C,B,D,C,C,C,D,C,D,A,C,C,D,A,B,B
Ex071,M,Y,A,D,C,D,B,D,A,C,D,B,A,A,D,C,C,D,A,B,B,B,C,D,D,A,C,B,D,A,C,D,D,C,D,A,B,C,C,A,B,B
Ex072,M,Y,A,D,C,D,B,D,A,C,D,B,A,A,D,C,C,D,A,B,B,B,C,D,D,A,C,C,D,D,C,D,D,C,D,A,B,C,D,A,B,B
Ex073,M,Y,A,D,C,D,B,D,A,C,D,C,A,A,D,C,C,D,A,B,B,B,C,A,D,D,C,B,D,C,C,D,A,B,D,A,B,C,D,A,B,B
Ex074,M,Y,A,D,A,D,B,D,A,C,D,B,A,A,D,C,C,D,A,B,B,B,C,A,D,A,C,B,D,A,C,D,D,C,D,B,B,A,D,A,B,B
Ex075,M,Y,A,D,C,D,B,D,A,C,D,B,A,A,D,C,C,D,A,A,C,B,B,D,C,A,B,B,D,D,C,A,D,C,D,A,B,C,D,A,A,B
Ex076,M,Y,A,D,C,D,B,D,A,C,D,B,A,A,D,D,C,D,A,B,B,B,C,D,D,A,C,B,D,A,C,D,D,C,D,A,B,C,D,A,B,B
Ex077,M,Y,A,D,C,D,B,D,A,C,D,B,A,A,D,A,C,D,A,B,B,B,C,D,D,A,C,B,D,C,C,C,D,C,D,A,B,C,D,A,B,B
Ex078,M,Y,A,D,A,D,B,D,A,C,C,B,A,A,D,C,C,D,A,B,D,B,D,C,D,D,C,C,D,D,C,D,B,B,D,A,B,A,D,C,B,B
Ex079,M,Y,A,A,D,D,B,D,A,D,D,B,C,C,D,D,D,A,A,B,B,A,C,C,D,A,C,C,D,C,C,D,D,C,D,B,B,A,D,A,B,B
Ex080,M,Y,B,D,C,D,B,D,A,C,D,B,A,A,D,C,C,D,A,B,C,B,C,D,C,A,C,A,D,A,C,D,D,C,D,A,B,C,D,A,B,B
Ex081,M,Y,A,D,C,D,B,B,A,C,D,B,A,B,D,C,C,D,A,B,B,B,C,D,D,A,C,B,D,B,C,D,D,C,D,A,B,C,D,A,B,B
Ex082,M,Y,A,B,C,D,B,D,A,C,D,B,A,A,D,B,C,D,A,B,B,B,C,C,D,C,B,A,D,C,C,C,A,C,D,B,C,C,B,C,C,B
Ex083,M,Y,A,D,C,D,B,D,A,C,D,B,A,A,D,C,C,B,A,B,B,B,C,C,D,A,C,B,D,B,C,D,D,C,D,A,B,C,D,A,B,B
Ex084,M,Y,A,D,C,D,B,D,A,C,D,B,A,A,C,C,C,D,A,B,B,B,C,D,D,A,C,B,A,A,C,A,D,A,C,A,C,C,D,A,B,B
Ex085,M,Y,A,D,B,D,B,D,A,C,D,B,A,A,D,C,C,D,A,B,B,B,C,D,D,A,C,B,D,C,C,D,D,C,D,A,B,C,C,A,B,B
Ex086,M,Y,A,D,C,D,B,D,A,C,D,B,A,A,D,A,C,D,A,B,B,B,C,C,D,A,C,D,D,A,C,D,D,C,D,A,B,C,D,A,B,B
Ex087,M,Y,A,D,C,D,B,D,A,C,D,B,A,A,D,C,B,D,A,B,B,B,C,C,C,C,B,B,D,D,C,A,A,C,D,A,B,C,D,A,B,A
Ex088,M,Y,A,D,C,D,B,D,A,B,D,B,A,A,D,C,C,D,A,B,B,B,C,D,C,A,C,B,D,A,C,D,D,C,D,A,B,C,C,A,B,B
Ex089,M,Y,A,D,C,D,B,D,A,D,D,B,A,A,D,C,C,D,A,D,B,B,A,A,D,A,C,D,D,A,C,D,D,A,D,A,B,C,D,C,B,B
Ex090,M,Y,A,D,C,D,B,D,A,C,D,B,A,A,D,C,C,D,A,B,B,B,C,D,D,A,C,B,D,A,C,D,D,C,D,A,B,C,D,A,B,B
Ex091,F,Y,B,D,C,D,B,B,A,C,D,B,B,C,D,C,C,C,A,D,B,B,C,C,D,A,D,B,D,C,C,D,D,C,D,A,C,D,A,C,B,B
Ex092,F,Y,A,D,D,D,B,D,A,C,D,B,A,A,D,C,C,D,A,B,B,B,C,A,D,A,C,A,D,D,C,A,A,C,D,A,C,C,D,A,B,B
Ex093,F,Y,A,D,C,D,B,D,A,C,D,B,A,A,D,C,C,D,A,B,B,B,C,A,D,A,C,B,D,A,C,D,D,C,D,A,B,C,D,A,B,B
Ex094,F,Y,A,D,C,D,B,D,A,C,D,B,A,A,D,A,C,D,A,B,B,B,C,D,D,A,D,D,D,D,C,D,D,C,D,A,B,C,D,A,B,B
Ex095,F,Y,A,D,C,D,B,D,A,C,D,A,A,A,D,C,C,D,A,B,A,B,C,D,B,A,C,D,D,C,C,D,D,C,A,A,B,C,D,A,C,B
Ex096,F,Y,A,D,B,D,B,B,A,C,B,B,C,C,D,D,C,D,A,B,B,B,A,A,D,B,C,A,D,D,C,D,D,C,D,A,B,C,A,A,B,A
Ex097,F,Y,A,D,C,D,B,D,A,C,D,B,A,A,D,C,C,D,A,B,B,B,C,D,D,A,C,B,D,A,C,D,A,B,D,A,B,C,D,A,B,B
Ex098,F,Y,A,D,C,D,B,D,A,C,D,B,A,A,D,A,C,D,A,B,B,B,C,D,D,A,D,A,D,A,C,D,D,C,D,A,A,C,A,A,C,B
Ex099,F,Y,A,D,C,D,B,D,A,C,D,B,A,A,D,C,C,D,A,B,B,B,C,D,D,A,C,B,D,A,C,D,D,C,D,A,B,C,D,A,B,B
Ex100,F,Y,A,D,B,D,B,D,A,C,D,C,A,A,C,B,B,D,D,C,C,B,C,B,D,A,D,A,D,D,C,D,D,C,D,A,B,C,A,A,B,B
Ex101,F,Y,A,D,C,C,B,D,A,C,D,B,A,B,D,C,C,D,A,B,B,B,C,B,D,A,C,A,D,C,C,A,D,B,D,A,B,C,A,A,C,B
Ex102,F,Y,A,D,C,D,B,D,A,C,D,B,B,A,D,C,C,D,A,B,B,B,C,D,D,A,C,C,D,A,C,D,D,C,D,A,A,C,D,C,B,B
Ex103,F,Y,A,C,C,D,B,D,A,C,D,B,A,A,D,C,C,B,A,B,B,B,C,D,D,A,C,B,D,A,C,D,D,C,D,A,B,C,D,C,B,B
Ex104,F,Y,A,D,C,D,B,D,A,C,D,B,A,B,D,C,C,D,A,B,B,B,C,D,D,A,C,C,D,A,C,D,D,C,D,A,B,C,D,A,B,B
Ex105,F,Y,A,D,B,D,B,D,C,C,D,B,A,C,D,C,C,B,B,C,B,C,C,C,D,A,C,B,D,C,C,D,D,C,D,A,A,C,A,A,C,B
Ex106,F,Y,B,D,C,D,B,D,A,C,D,B,A,A,D,C,C,D,A,B,B,B,C,D,D,A,C,B,D,A,C,D,D,C,D,A,B,C,D,A,B,B
Ex107,F,Y,A,D,C,D,B,C,A,C,D,B,A,A,D,C,C,B,A,B,B,B,C,D,D,A,C,B,D,A,C,D,D,C,D,A,B,C,D,A,B,B
Ex108,F,Y,A,D,B,D,B,B,A,C,A,C,A,A,A,C,C,D,A,A,C,B,C,A,D,A,D,B,D,D,C,D,D,C,D,B,A,C,A,D,B,B
Ex109,F,Y,A,D,C,D,B,D,A,C,C,B,A,A,D,C,C,D,A,C,B,B,C,D,D,A,C,A,C,C,C,D,C,C,D,A,B,C,A,C,A,B
Ex110,F,Y,A,D,C,D,B,D,A,C,D,B,A,A,D,C,C,D,A,B,B,B,C,D,D,A,D,B,D,C,C,D,D,C,D,B,B,C,D,A,B,B
Ex111,F,Y,A,A,C,C,B,D,D,C,D,B,A,B,D,C,C,D,A,B,B,B,C,B,D,A,C,A,D,C,C,A,D,B,D,A,B,C,A,A,C,B
Ex112,F,Y,A,D,C,D,B,D,A,C,D,B,B,A,D,D,C,D,A,B,B,B,C,D,D,A,C,C,D,A,C,D,D,C,D,A,A,C,D,C,B,B
Ex113,F,Y,A,C,C,A,B,D,A,C,A,B,A,A,C,C,C,B,A,B,A,B,C,A,D,A,C,B,D,A,C,D,D,C,D,A,B,C,D,C,B,B
Ex114,F,Y,A,D,C,D,B,A,A,C,D,B,A,B,B,C,C,D,A,B,B,B,C,D,D,A,C,C,D,A,C,D,D,C,D,A,B,C,D,A,B,B
Ex115,F,Y,A,D,B,D,B,D,C,A,D,B,A,C,D,C,D,B,B,C,B,C,C,C,D,A,C,B,D,C,C,D,D,C,D,A,A,C,A,A,C,B
Ex116,F,Y,B,D,C,D,B,D,A,C,D,B,A,A,D,C,C,D,A,B,B,B,B,D,D,A,C,B,D,A,C,D,D,C,D,A,B,C,D,A,B,B
Ex117,F,Y,A,A,C,A,B,C,A,C,D,B,A,A,D,C,C,B,A,B,B,B,C,D,A,A,C,B,D,A,C,D,D,C,D,A,B,B,D,A,B,B
Ex118,F,Y,A,D,B,D,B,B,A,C,A,C,A,A,A,C,C,D,A,A,C,B,C,A,D,A,D,B,D,B,C,D,D,C,D,B,A,C,A,D,B,B
Ex119,F,Y,A,D,C,D,B,D,A,C,C,B,A,A,A,C,C,D,A,C,B,B,C,D,D,A,C,A,C,C,C,B,C,C,D,A,B,C,A,C,A,B
Ex120,F,Y,A,D,C,D,B,D,A,C,D,B,A,A,D,C,A,D,A,B,B,B,C,D,D,A,D,B,D,C,C,D,D,C,B,B,B,C,D,A,B,B
Ex121,M,Y,A,D,C,D,A,D,A,C,D,B,A,A,D,C,C,D,A,B,B,B,C,D,D,A,C,B,D,A,C,D,D,C,D,A,B,C,S,S,S,S
Ex122,M,Y,A,D,C,D,B,D,A,C,D,B,A,A,D,C,C,D,A,B,B,B,B,D,B,A,C,B,D,A,C,D,D,C,D,A,B,C,C,A,S,S
Ex123,M,Y,A,D,C,D,B,D,A,A,D,A,A,A,D,C,C,D,A,B,A,B,C,D,B,A,C,B,D,A,C,D,D,C,D,A,B,A,D,A,S,S
Ex124,M,Y,A,D,C,D,B,D,A,C,D,B,A,A,D,C,C,D,A,B,B,B,C,A,D,A,C,B,D,A,C,D,D,C,D,A,B,C,D,A,S,S
Ex125,M,Y,A,D,C,D,B,D,A,C,D,B,A,A,D,C,C,A,A,B,B,B,C,D,D,A,C,B,D,B,C,D,D,C,D,A,B,C,C,A,S,S
Ex126,M,Y,A,D,C,A,B,A,A,C,A,B,A,A,D,C,C,D,A,B,B,B,C,D,A,A,C,B,D,C,C,A,D,C,D,A,B,C,D,A,A,A
Ex127,M,Y,A,D,C,D,B,D,A,C,D,B,A,A,D,C,C,A,A,B,C,B,C,D,D,C,C,B,D,C,C,D,D,C,D,A,B,C,D,A,B,B
Ex128,M,Y,D,D,A,D,B,D,A,C,D,B,A,A,D,C,C,D,A,B,B,B,B,D,D,A,C,B,D,D,C,D,D,B,D,B,B,A,D,A,B,B
Ex129,M,Y,A,D,C,D,B,D,A,C,D,B,A,A,D,C,C,D,A,C,B,B,C,A,D,A,C,B,D,B,C,D,D,C,D,A,B,C,A,A,B,B
Ex130,M,Y,A,C,C,D,B,D,A,C,D,C,A,A,D,C,C,D,A,B,B,B,C,D,A,A,C,B,D,C,C,C,D,C,D,A,C,C,D,A,B,B
Ex131,M,Y,A,D,C,D,B,D,A,C,D,B,A,A,D,C,C,D,A,B,B,B,C,D,D,A,C,B,D,A,C,D,D,C,D,A,B,C,C,A,B,B
Ex132,M,Y,A,D,C,D,B,D,A,C,D,B,A,A,D,C,C,D,A,B,B,B,C,D,D,A,C,C,D,D,C,D,D,C,D,A,B,C,D,A,B,B
Ex133,M,Y,A,D,C,D,B,D,A,C,D,C,A,A,D,C,C,D,A,B,B,B,C,A,D,D,C,B,D,C,C,D,A,B,D,A,B,C,D,A,B,B
Ex134,M,Y,A,D,A,D,B,D,A,C,D,B,A,A,D,C,C,D,A,B,B,B,C,A,D,A,C,B,D,A,C,D,D,C,D,B,B,A,D,A,B,B
Ex135,M,Y,A,D,C,D,B,D,A,C,D,B,A,A,D,C,C,D,A,A,C,B,B,D,C,A,B,B,D,D,C,A,D,C,D,A,B,C,D,A,A,B
Ex136,M,Y,A,D,C,D,B,D,A,C,D,B,A,A,D,D,C,D,A,B,B,B,C,D,D,A,C,B,D,A,C,D,D,C,D,A,B,C,D,A,B,B
Ex137,M,Y,A,D,C,D,B,D,A,C,D,B,A,A,D,A,C,D,A,B,B,B,C,D,D,A,C,B,D,C,C,C,D,C,D,A,B,C,D,A,B,B
Ex138,M,Y,A,D,A,D,B,D,A,C,C,B,A,A,D,C,C,D,A,B,D,B,D,C,D,D,C,C,D,D,C,D,B,B,D,A,B,A,D,C,B,B
Ex139,M,Y,A,A,D,D,B,D,A,D,D,B,C,C,D,D,D,A,A,B,B,A,C,C,D,A,C,C,D,C,C,D,D,C,D,B,B,A,D,A,B,B
Ex140,M,Y,B,D,C,D,B,D,A,C,D,B,A,A,D,C,C,D,A,B,C,B,C,D,C,A,C,A,D,A,C,D,D,C,D,A,B,C,D,A,B,B
Ex141,M,Y,A,D,C,D,B,B,A,C,D,B,A,B,D,C,C,D,A,B,B,B,C,D,D,A,C,B,D,B,C,D,D,C,D,A,B,C,D,A,B,B
Ex142,M,Y,A,B,C,D,B,D,A,C,D,B,A,A,D,B,C,D,A,B,B,B,C,C,D,C,B,A,D,C,C,C,A,C,D,B,C,C,B,C,C,B
Ex143,M,Y,A,D,C,D,B,D,A,C,D,B,A,A,D,C,C,B,A,B,B,B,C,C,D,A,C,B,D,B,C,D,D,C,D,A,B,C,D,A,B,B
Ex144,M,Y,A,D,C,D,B,D,A,C,D,B,A,A,C,C,C,D,A,B,B,B,C,D,D,A,C,B,A,A,C,A,D,A,C,A,C,C,D,A,B,B
Ex145,M,Y,A,D,B,D,B,D,A,C,D,B,A,A,D,C,C,D,A,B,B,B,C,D,D,A,C,B,D,C,C,D,D,C,D,A,B,C,C,A,B,B
Ex146,M,Y,A,D,C,D,B,D,A,C,D,B,A,A,D,A,C,D,A,B,B,B,C,C,D,A,C,D,D,A,C,D,D,C,D,A,B,C,D,A,B,B
Ex147,M,Y,A,D,C,D,B,D,A,C,D,B,A,A,D,C,B,D,A,B,B,B,C,C,C,C,B,B,D,D,C,A,A,C,D,A,B,C,D,A,B,A
Ex148,M,Y,A,D,C,D,B,D,A,B,D,B,A,A,D,C,C,D,A,B,B,B,C,D,C,A,C,B,D,A,C,D,D,C,D,A,B,C,C,A,B,B
Ex149,M,Y,A,D,C,D,B,D,A,D,D,B,A,A,D,C,C,D,A,D,B,B,A,A,D,A,C,D,D,A,C,D,D,A,D,A,B,C,D,C,B,B
Ex150,M,Y,A,D,C,D,B,D,A,C,D,B,A,A,D,C,C,D,A,B,B,B,C,D,D,A,C,B,D,A,C,D,D,C,D,A,B,C,D,A,B,B
Ex151,F,Y,B,D,C,D,B,B,A,C,D,B,B,C,D,C,C,C,A,D,B,B,C,C,D,A,D,B,D,C,C,D,D,C,D,A,C,D,A,C,B,B
Ex152,F,Y,A,D,D,D,B,D,A,C,D,B,A,A,D,C,C,D,A,B,B,B,C,A,D,A,C,A,D,D,C,A,A,C,D,A,C,C,D,A,B,B
Ex153,F,Y,A,D,C,D,B,D,A,C,D,B,A,A,D,C,C,D,A,B,B,B,C,A,D,A,C,B,D,A,C,D,D,C,D,A,B,C,D,A,B,B
Ex154,F,Y,A,D,C,D,B,D,A,C,D,B,A,A,D,A,C,D,A,B,B,B,C,D,D,A,D,D,D,D,C,D,D,C,D,A,B,C,D,A,B,B
Ex155,F,Y,A,D,C,D,B,D,A,C,D,A,A,A,D,C,C,D,A,B,A,B,C,D,B,A,C,D,D,C,C,D,D,C,A,A,B,C,D,A,C,B
Ex156,F,Y,A,D,B,D,B,B,A,C,B,B,C,C,D,D,C,D,A,B,B,B,A,A,D,B,C,A,D,D,C,D,D,C,D,A,B,C,A,A,B,A
Ex157,F,Y,A,D,C,D,B,D,A,C,D,B,A,A,D,C,C,D,A,B,B,B,C,D,D,A,C,B,D,A,C,D,A,B,D,A,B,C,D,A,B,B
Ex158,F,Y,A,D,C,D,B,D,A,C,D,B,A,A,D,A,C,D,A,B,B,B,C,D,D,A,D,A,D,A,C,D,D,C,D,A,A,C,A,A,C,B
Ex159,F,Y,A,D,C,D,B,D,A,C,D,B,A,A,D,C,C,D,A,B,B,B,C,D,D,A,C,B,D,A,C,D,D,C,D,A,B,C,D,A,B,B
Ex160,F,Y,A,D,B,D,B,D,A,C,D,C,A,A,C,B,B,D,D,C,C,B,C,B,D,A,D,A,D,D,C,D,D,C,D,A,B,C,A,A,B,B
Ex161,F,Y,A,D,C,C,B,D,A,C,D,B,A,B,D,C,C,D,A,B,B,B,C,B,D,A,C,A,D,C,C,A,D,B,D,A,B,C,A,A,C,B
Ex162,F,Y,A,D,C,D,B,D,A,C,D,B,B,A,D,C,C,D,A,B,B,B,C,D,D,A,C,C,D,A,C,D,D,C,D,A,A,C,D,C,B,B
Ex163,F,Y,A,C,C,D,B,D,A,C,D,B,A,A,D,C,C,B,A,B,B,B,C,D,D,A,C,B,D,A,C,D,D,C,D,A,B,C,D,C,B,B
Ex164,F,Y,A,D,C,D,B,D,A,C,D,B,A,B,D,C,C,D,A,B,B,B,C,D,D,A,C,C,D,A,C,D,D,C,D,A,B,C,D,A,B,B
Ex165,F,Y,A,D,B,D,B,D,C,C,D,B,A,C,D,C,C,B,B,C,B,C,C,C,D,A,C,B,D,C,C,D,D,C,D,A,A,C,A,A,C,B
Ex166,F,Y,B,D,C,D,B,D,A,C,D,B,A,A,D,C,C,D,A,B,B,B,C,D,D,A,C,B,D,A,C,D,D,C,D,A,B,C,D,A,B,B
Ex167,F,Y,A,D,C,D,B,C,A,C,D,B,A,A,D,C,C,B,A,B,B,B,C,D,D,A,C,B,D,A,C,D,D,C,D,A,B,C,D,A,B,B
Ex168,F,Y,A,D,B,D,B,B,A,C,A,C,A,A,A,C,C,D,A,A,C,B,C,A,D,A,D,B,D,D,C,D,D,C,D,B,A,C,A,D,B,B
Ex169,F,Y,A,D,C,D,B,D,A,C,C,B,A,A,D,C,C,D,A,C,B,B,C,D,D,A,C,A,C,C,C,D,C,C,D,A,B,C,A,C,A,B
Ex170,F,Y,A,D,C,D,B,D,A,C,D,B,A,A,D,C,C,D,A,B,B,B,C,D,D,A,D,B,D,C,C,D,D,C,D,B,B,C,D,A,B,B
Ex171,F,Y,A,A,C,C,B,D,D,C,D,B,A,B,D,C,C,D,A,B,B,B,C,B,D,A,C,A,D,C,C,A,D,B,D,A,B,C,A,A,C,B
Ex172,F,Y,A,D,C,D,B,D,A,C,D,B,B,A,D,D,C,D,A,B,B,B,C,D,D,A,C,C,D,A,C,D,D,C,D,A,A,C,D,C,B,B
Ex173,F,Y,A,C,C,A,B,D,A,C,A,B,A,A,C,C,C,B,A,B,A,B,C,A,D,A,C,B,D,A,C,D,D,C,D,A,B,C,D,C,B,B
Ex174,F,Y,A,D,C,D,B,A,A,C,D,B,A,B,B,C,C,D,A,B,B,B,C,D,D,A,C,C,D,A,C,D,D,C,D,A,B,C,D,A,B,B
Ex175,F,Y,A,D,B,D,B,D,C,A,D,B,A,C,D,C,D,B,B,C,B,C,C,C,D,A,C,B,D,C,C,D,D,C,D,A,A,C,A,A,C,B
Ex176,F,Y,B,D,C,D,B,D,A,C,D,B,A,A,D,C,C,D,A,B,B,B,B,D,D,A,C,B,D,A,C,D,D,C,D,A,B,C,D,A,B,B
Ex177,F,Y,A,A,C,A,B,C,A,C,D,B,A,A,D,C,C,B,A,B,B,B,C,D,A,A,C,B,D,A,C,D,D,C,D,A,B,B,D,A,B,B
Ex178,F,Y,A,D,B,D,B,B,A,C,A,C,A,A,A,C,C,D,A,A,C,B,C,A,D,A,D,B,D,B,C,D,D,C,D,B,A,C,A,D,B,B
Ex179,F,Y,A,D,C,D,B,D,A,C,C,B,A,A,A,C,C,D,A,C,B,B,C,D,D,A,C,A,C,C,C,B,C,C,D,A,B,C,A,C,A,B
Ex180,F,Y,A,D,C,D,B,D,A,C,D,B,A,A,D,C,A,D,A,B,B,B,C,D,D,A,D,B,D,C,C,D,D,C,B,B,B,C,D,A,B,B
Ex181,M,Y,A,D,C,D,A,D,A,C,D,B,A,A,D,C,C,D,A,B,B,B,C,D,D,A,C,B,D,A,C,D,D,C,D,A,B,C,S,S,S,S
Ex182,M,Y,A,D,C,D,B,D,A,C,D,B,A,A,D,C,C,D,A,B,B,B,B,D,B,A,C,B,D,A,C,D,D,C,D,A,B,C,C,A,S,S
Ex183,M,Y,A,D,C,D,B,D,A,A,D,A,A,A,D,C,C,D,A,B,A,B,C,D,B,A,C,B,D,A,C,D,D,C,D,A,B,A,D,A,S,S
Ex184,M,Y,A,D,C,D,B,D,A,C,D,B,A,A,D,C,C,D,A,B,B,B,C,A,D,A,C,B,D,A,C,D,D,C,D,A,B,C,D,A,S,S
Ex185,M,Y,A,D,C,D,B,D,A,C,D,B,A,A,D,C,C,A,A,B,B,B,C,D,D,A,C,B,D,B,C,D,D,C,D,A,B,C,C,A,S,S
Ex186,M,Y,A,D,C,A,B,A,A,C,A,B,A,A,D,C,C,D,A,B,B,B,C,D,A,A,C,B,D,C,C,A,D,C,D,A,B,C,D,A,A,A
Ex187,M,Y,A,D,C,D,B,D,A,C,D,B,A,A,D,C,C,A,A,B,C,B,C,D,D,C,C,B,D,C,C,D,D,C,D,A,B,C,D,A,B,B
Ex188,M,Y,D,D,A,D,B,D,A,C,D,B,A,A,D,C,C,D,A,B,B,B,B,D,D,A,C,B,D,D,C,D,D,B,D,B,B,A,D,A,B,B
Ex189,M,Y,A,D,C,D,B,D,A,C,D,B,A,A,D,C,C,D,A,C,B,B,C,A,D,A,C,B,D,B,C,D,D,C,D,A,B,C,A,A,B,B
Ex190,M,Y,A,C,C,D,B,D,A,C,D,C,A,A,D,C,C,D,A,B,B,B,C,D,A,A,C,B,D,C,C,C,D,C,D,A,C,C,D,A,B,B
Ex191,M,Y,A,D,C,D,B,D,A,C,D,B,A,A,D,C,C,D,A,B,B,B,C,D,D,A,C,B,D,A,C,D,D,C,D,A,B,C,C,A,B,B
Ex192,M,Y,A,D,C,D,B,D,A,C,D,B,A,A,D,C,C,D,A,B,B,B,C,D,D,A,C,C,D,D,C,D,D,C,D,A,B,C,D,A,B,B
Ex193,M,Y,A,D,C,D,B,D,A,C,D,C,A,A,D,C,C,D,A,B,B,B,C,A,D,D,C,B,D,C,C,D,A,B,D,A,B,C,D,A,B,B
Ex194,M,Y,A,D,A,D,B,D,A,C,D,B,A,A,D,C,C,D,A,B,B,B,C,A,D,A,C,B,D,A,C,D,D,C,D,B,B,A,D,A,B,B
Ex195,M,Y,A,D,C,D,B,D,A,C,D,B,A,A,D,C,C,D,A,A,C,B,B,D,C,A,B,B,D,D,C,A,D,C,D,A,B,C,D,A,A,B
Ex196,M,Y,A,D,C,D,B,D,A,C,D,B,A,A,D,D,C,D,A,B,B,B,C,D,D,A,C,B,D,A,C,D,D,C,D,A,B,C,D,A,B,B
Ex197,M,Y,A,D,C,D,B,D,A,C,D,B,A,A,D,A,C,D,A,B,B,B,C,D,D,A,C,B,D,C,C,C,D,C,D,A,B,C,D,A,B,B
Ex198,M,Y,A,D,A,D,B,D,A,C,C,B,A,A,D,C,C,D,A,B,D,B,D,C,D,D,C,C,D,D,C,D,B,B,D,A,B,A,D,C,B,B
Ex199,M,Y,A,A,D,D,B,D,A,D,D,B,C,C,D,D,D,A,A,B,B,A,C,C,D,A,C,C,D,C,C,D,D,C,D,B,B,A,D,A,B,B
Ex200,M,Y,B,D,C,D,B,D,A,C,D,B,A,A,D,C,C,D,A,B,C,B,C,D,C,A,C,A,D,A,C,D,D,C,D,A,B,C,D,A,B,B
Ex201,M,Y,A,D,C,D,B,B,A,C,D,B,A,B,D,C,C,D,A,B,B,B,C,D,D,A,C,B,D,B,C,D,D,C,D,A,B,C,D,A,B,B
Ex202,M,Y,A,B,C,D,B,D,A,C,D,B,A,A,D,B,C,D,A,B,B,B,C,C,D,C,B,A,D,C,C,C,A,C,D,B,C,C,B,C,C,B
Ex203,M,Y,A,D,C,D,B,D,A,C,D,B,A,A,D,C,C,B,A,B,B,B,C,C,D,A,C,B,D,B,C,D,D,C,D,A,B,C,D,A,B,B
Ex204,M,Y,A,D,C,D,B,D,A,C,D,B,A,A,C,C,C,D,A,B,B,B,C,D,D,A,C,B,A,A,C,A,D,A,C,A,C,C,D,A,B,B
Ex205,M,Y,A,D,B,D,B,D,A,C,D,B,A,A,D,C,C,D,A,B,B,B,C,D,D,A,C,B,D,C,C,D,D,C,D,A,B,C,C,A,B,B
Ex206,M,Y,A,D,C,D,B,D,A,C,D,B,A,A,D,A,C,D,A,B,B,B,C,C,D,A,C,D,D,A,C,D,D,C,D,A,B,C,D,A,B,B
Ex207,M,Y,A,D,C,D,B,D,A,C,D,B,A,A,D,C,B,D,A,B,B,B,C,C,C,C,B,B,D,D,C,A,A,C,D,A,B,C,D,A,B,A
Ex208,M,Y,A,D,C,D,B,D,A,B,D,B,A,A,D,C,C,D,A,B,B,B,C,D,C,A,C,B,D,A,C,D,D,C,D,A,B,C,C,A,B,B
Ex209,M,Y,A,D,C,D,B,D,A,D,D,B,A,A,D,C,C,D,A,D,B,B,A,A,D,A,C,D,D,A,C,D,D,A,D,A,B,C,D,C,B,B
Ex210,M,Y,A,D,C,D,B,D,A,C,D,B,A,A,D,C,C,D,A,B,B,B,C,D,D,A,C,B,D,A,C,D,D,C,D,A,B,C,D,A,B,B
Ex211,F,Y,B,D,C,D,B,B,A,C,D,B,B,C,D,C,C,C,A,D,B,B,C,C,D,A,D,B,D,C,C,D,D,C,D,A,C,D,A,C,B,B
Ex212,F,Y,A,D,D,D,B,D,A,C,D,B,A,A,D,C,C,D,A,B,B,B,C,A,D,A,C,A,D,D,C,A,A,C,D,A,C,C,D,A,B,B
Ex213,F,Y,A,D,C,D,B,D,A,C,D,B,A,A,D,C,C,D,A,B,B,B,C,A,D,A,C,B,D,A,C,D,D,C,D,A,B,C,D,A,B,B
Ex214,F,Y,A,D,C,D,B,D,A,C,D,B,A,A,D,A,C,D,A,B,B,B,C,D,D,A,D,D,D,D,C,D,D,C,D,A,B,C,D,A,B,B
Ex215,F,Y,A,D,C,D,B,D,A,C,D,A,A,A,D,C,C,D,A,B,A,B,C,D,B,A,C,D,D,C,C,D,D,C,A,A,B,C,D,A,C,B
Ex216,F,Y,A,D,B,D,B,B,A,C,B,B,C,C,D,D,C,D,A,B,B,B,A,A,D,B,C,A,D,D,C,D,D,C,D,A,B,C,A,A,B,A
Ex217,F,Y,A,D,C,D,B,D,A,C,D,B,A,A,D,C,C,D,A,B,B,B,C,D,D,A,C,B,D,A,C,D,A,B,D,A,B,C,D,A,B,B
Ex218,F,Y,A,D,C,D,B,D,A,C,D,B,A,A,D,A,C,D,A,B,B,B,C,D,D,A,D,A,D,A,C,D,D,C,D,A,A,C,A,A,C,B
Ex219,F,Y,A,D,C,D,B,D,A,C,D,B,A,A,D,C,C,D,A,B,B,B,C,D,D,A,C,B,D,A,C,D,D,C,D,A,B,C,D,A,B,B
Ex220,F,Y,A,D,B,D,B,D,A,C,D,C,A,A,C,B,B,D,D,C,C,B,C,B,D,A,D,A,D,D,C,D,D,C,D,A,B,C,A,A,B,B
Ex221,F,Y,A,D,C,C,B,D,A,C,D,B,A,B,D,C,C,D,A,B,B,B,C,B,D,A,C,A,D,C,C,A,D,B,D,A,B,C,A,A,C,B
Ex222,F,Y,A,D,C,D,B,D,A,C,D,B,B,A,D,C,C,D,A,B,B,B,C,D,D,A,C,C,D,A,C,D,D,C,D,A,A,C,D,C,B,B
Ex223,F,Y,A,C,C,D,B,D,A,C,D,B,A,A,D,C,C,B,A,B,B,B,C,D,D,A,C,B,D,A,C,D,D,C,D,A,B,C,D,C,B,B
Ex224,F,Y,A,D,C,D,B,D,A,C,D,B,A,B,D,C,C,D,A,B,B,B,C,D,D,A,C,C,D,A,C,D,D,C,D,A,B,C,D,A,B,B
Ex225,F,Y,A,D,B,D,B,D,C,C,D,B,A,C,D,C,C,B,B,C,B,C,C,C,D,A,C,B,D,C,C,D,D,C,D,A,A,C,A,A,C,B
Ex226,F,Y,B,D,C,D,B,D,A,C,D,B,A,A,D,C,C,D,A,B,B,B,C,D,D,A,C,B,D,A,C,D,D,C,D,A,B,C,D,A,B,B
Ex227,F,Y,A,D,C,D,B,C,A,C,D,B,A,A,D,C,C,B,A,B,B,B,C,D,D,A,C,B,D,A,C,D,D,C,D,A,B,C,D,A,B,B
Ex228,F,Y,A,D,B,D,B,B,A,C,A,C,A,A,A,C,C,D,A,A,C,B,C,A,D,A,D,B,D,D,C,D,D,C,D,B,A,C,A,D,B,B
Ex229,F,Y,A,D,C,D,B,D,A,C,C,B,A,A,D,C,C,D,A,C,B,B,C,D,D,A,C,A,C,C,C,D,C,C,D,A,B,C,A,C,A,B
Ex230,F,Y,A,D,C,D,B,D,A,C,D,B,A,A,D,C,C,D,A,B,B,B,C,D,D,A,D,B,D,C,C,D,D,C,D,B,B,C,D,A,B,B
Ex231,F,Y,A,A,C,C,B,D,D,C,D,B,A,B,D,C,C,D,A,B,B,B,C,B,D,A,C,A,D,C,C,A,D,B,D,A,B,C,A,A,C,B
Ex232,F,Y,A,D,C,D,B,D,A,C,D,B,B,A,D,D,C,D,A,B,B,B,C,D,D,A,C,C,D,A,C,D,D,C,D,A,A,C,D,C,B,B
Ex233,F,Y,A,C,C,A,B,D,A,C,A,B,A,A,C,C,C,B,A,B,A,B,C,A,D,A,C,B,D,A,C,D,D,C,D,A,B,C,D,C,B,B
Ex234,F,Y,A,D,C,D,B,A,A,C,D,B,A,B,B,C,C,D,A,B,B,B,C,D,D,A,C,C,D,A,C,D,D,C,D,A,B,C,D,A,B,B
Ex235,F,Y,A,D,B,D,B,D,C,A,D,B,A,C,D,C,D,B,B,C,B,C,C,C,D,A,C,B,D,C,C,D,D,C,D,A,A,C,A,A,C,B
Ex236,F,Y,B,D,C,D,B,D,A,C,D,B,A,A,D,C,C,D,A,B,B,B,B,D,D,A,C,B,D,A,C,D,D,C,D,A,B,C,D,A,B,B
Ex237,F,Y,A,A,C,A,B,C,A,C,D,B,A,A,D,C,C,B,A,B,B,B,C,D,A,A,C,B,D,A,C,D,D,C,D,A,B,B,D,A,B,B
Ex238,F,Y,A,D,B,D,B,B,A,C,A,C,A,A,A,C,C,D,A,A,C,B,C,A,D,A,D,B,D,B,C,D,D,C,D,B,A,C,A,D,B,B
Ex239,F,Y,A,D,C,D,B,D,A,C,C,B,A,A,A,C,C,D,A,C,B,B,C,D,D,A,C,A,C,C,C,B,C,C,D,A,B,C,A,C,A,B
Ex240,F,Y,A,D,C,D,B,D,A,C,D,B,A,A,D,C,A,D,A,B,B,B,C,D,D,A,D,B,D,C,C,D,D,C,B,B,B,C,D,A,B,B
Ex241,M,Y,A,D,C,D,A,D,A,C,D,B,A,A,D,C,C,D,A,B,B,B,C,D,D,A,C,B,D,A,C,D,D,C,D,A,B,C,S,S,S,S
Ex242,M,Y,A,D,C,D,B,D,A,C,D,B,A,A,D,C,C,D,A,B,B,B,B,D,B,A,C,B,D,A,C,D,D,C,D,A,B,C,C,A,S,S
Ex243,M,Y,A,D,C,D,B,D,A,A,D,A,A,A,D,C,C,D,A,B,A,B,C,D,B,A,C,B,D,A,C,D,D,C,D,A,B,A,D,A,S,S
Ex244,M,Y,A,D,C,D,B,D,A,C,D,B,A,A,D,C,C,D,A,B,B,B,C,A,D,A,C,B,D,A,C,D,D,C,D,A,B,C,D,A,S,S
Ex245,M,Y,A,D,C,D,B,D,A,C,D,B,A,A,D,C,C,A,A,B,B,B,C,D,D,A,C,B,D,B,C,D,D,C,D,A,B,C,C,A,S,S
Ex246,M,Y,A,D,C,A,B,A,A,C,A,B,A,A,D,C,C,D,A,B,B,B,C,D,A,A,C,B,D,C,C,A,D,C,D,A,B,C,D,A,A,A
Ex247,M,Y,A,D,C,D,B,D,A,C,D,B,A,A,D,C,C,A,A,B,C,B,C,D,D,C,C,B,D,C,C,D,D,C,D,A,B,C,D,A,B,B
Ex248,M,Y,D,D,A,D,B,D,A,C,D,B,A,A,D,C,C,D,A,B,B,B,B,D,D,A,C,B,D,D,C,D,D,B,D,B,B,A,D,A,B,B
Ex249,M,Y,A,D,C,D,B,D,A,C,D,B,A,A,D,C,C,D,A,C,B,B,C,A,D,A,C,B,D,B,C,D,D,C,D,A,B,C,A,A,B,B
Ex250,M,Y,A,C,C,D,B,D,A,C,D,C,A,A,D,C,C,D,A,B,B,B,C,D,A,A,C,B,D,C,C,C,D,C,D,A,C,C,D,A,B,B
Ex251,M,Y,A,D,C,D,B,D,A,C,D,B,A,A,D,C,C,D,A,B,B,B,C,D,D,A,C,B,D,A,C,D,D,C,D,A,B,C,C,A,B,B
Ex252,M,Y,A,D,C,D,B,D,A,C,D,B,A,A,D,C,C,D,A,B,B,B,C,D,D,A,C,C,D,D,C,D,D,C,D,A,B,C,D,A,B,B
Ex253,M,Y,A,D,C,D,B,D,A,C,D,C,A,A,D,C,C,D,A,B,B,B,C,A,D,D,C,B,D,C,C,D,A,B,D,A,B,C,D,A,B,B
Ex254,M,Y,A,D,A,D,B,D,A,C,D,B,A,A,D,C,C,D,A,B,B,B,C,A,D,A,C,B,D,A,C,D,D,C,D,B,B,A,D,A,B,B
Ex255,M,Y,A,D,C,D,B,D,A,C,D,B,A,A,D,C,C,D,A,A,C,B,B,D,C,A,B,B,D,D,C,A,D,C,D,A,B,C,D,A,A,B
Ex256,M,Y,A,D,C,D,B,D,A,C,D,B,A,A,D,D,C,D,A,B,B,B,C,D,D,A,C,B,D,A,C,D,D,C,D,A,B,C,D,A,B,B
Ex257,M,Y,A,D,C,D,B,D,A,C,D,B,A,A,D,A,C,D,A,B,B,B,C,D,D,A,C,B,D,C,C,C,D,C,D,A,B,C,D,A,B,B
Ex258,M,Y,A,D,A,D,B,D,A,C,C,B,A,A,D,C,C,D,A,B,D,B,D,C,D,D,C,C,D,D,C,D,B,B,D,A,B,A,D,C,B,B
Ex259,M,Y,A,A,D,D,B,D,A,D,D,B,C,C,D,D,D,A,A,B,B,A,C,C,D,A,C,C,D,C,C,D,D,C,D,B,B,A,D,A,B,B
Ex260,M,Y,B,D,C,D,B,D,A,C,D,B,A,A,D,C,C,D,A,B,C,B,C,D,C,A,C,A,D,A,C,D,D,C,D,A,B,C,D,A,B,B
Ex261,M,Y,A,D,C,D,B,B,A,C,D,B,A,B,D,C,C,D,A,B,B,B,C,D,D,A,C,B,D,B,C,D,D,C,D,A,B,C,D,A,B,B
Ex262,M,Y,A,B,C,D,B,D,A,C,D,B,A,A,D,B,C,D,A,B,B,B,C,C,D,C,B,A,D,C,C,C,A,C,D,B,C,C,B,C,C,B
Ex263,M,Y,A,D,C,D,B,D,A,C,D,B,A,A,D,C,C,B,A,B,B,B,C,C,D,A,C,B,D,B,C,D,D,C,D,A,B,C,D,A,B,B
Ex264,M,Y,A,D,C,D,B,D,A,C,D,B,A,A,C,C,C,D,A,B,B,B,C,D,D,A,C,B,A,A,C,A,D,A,C,A,C,C,D,A,B,B
Ex265,M,Y,A,D,B,D,B,D,A,C,D,B,A,A,D,C,C,D,A,B,B,B,C,D,D,A,C,B,D,C,C,D,D,C,D,A,B,C,C,A,B,B
Ex266,M,Y,A,D,C,D,B,D,A,C,D,B,A,A,D,A,C,D,A,B,B,B,C,C,D,A,C,D,D,A,C,D,D,C,D,A,B,C,D,A,B,B
Ex267,M,Y,A,D,C,D,B,D,A,C,D,B,A,A,D,C,B,D,A,B,B,B,C,C,C,C,B,B,D,D,C,A,A,C,D,A,B,C,D,A,B,A
Ex268,M,Y,A,D,C,D,B,D,A,B,D,B,A,A,D,C,C,D,A,B,B,B,C,D,C,A,C,B,D,A,C,D,D,C,D,A,B,C,C,A,B,B
Ex269,M,Y,A,D,C,D,B,D,A,D,D,B,A,A,D,C,C,D,A,D,B,B,A,A,D,A,C,D,D,A,C,D,D,A,D,A,B,C,D,C,B,B
Ex270,M,Y,A,D,C,D,B,D,A,C,D,B,A,A,D,C,C,D,A,B,B,B,C,D,D,A,C,B,D,A,C,D,D,C,D,A,B,C,D,A,B,B
Ex271,F,Y,B,D,C,D,B,B,A,C,D,B,B,C,D,C,C,C,A,D,B,B,C,C,D,A,D,B,D,C,C,D,D,C,D,A,C,D,A,C,B,B
Ex272,F,Y,A,D,D,D,B,D,A,C,D,B,A,A,D,C,C,D,A,B,B,B,C,A,D,A,C,A,D,D,C,A,A,C,D,A,C,C,D,A,B,B
Ex273,F,Y,A,D,C,D,B,D,A,C,D,B,A,A,D,C,C,D,A,B,B,B,C,A,D,A,C,B,D,A,C,D,D,C,D,A,B,C,D,A,B,B
Ex274,F,Y,A,D,C,D,B,D,A,C,D,B,A,A,D,A,C,D,A,B,B,B,C,D,D,A,D,D,D,D,C,D,D,C,D,A,B,C,D,A,B,B
Ex275,F,Y,A,D,C,D,B,D,A,C,D,A,A,A,D,C,C,D,A,B,A,B,C,D,B,A,C,D,D,C,C,D,D,C,A,A,B,C,D,A,C,B
Ex276,F,Y,A,D,B,D,B,B,A,C,B,B,C,C,D,D,C,D,A,B,B,B,A,A,D,B,C,A,D,D,C,D,D,C,D,A,B,C,A,A,B,A
Ex277,F,Y,A,D,C,D,B,D,A,C,D,B,A,A,D,C,C,D,A,B,B,B,C,D,D,A,C,B,D,A,C,D,A,B,D,A,B,C,D,A,B,B
Ex278,F,Y,A,D,C,D,B,D,A,C,D,B,A,A,D,A,C,D,A,B,B,B,C,D,D,A,D,A,D,A,C,D,D,C,D,A,A,C,A,A,C,B
Ex279,F,Y,A,D,C,D,B,D,A,C,D,B,A,A,D,C,C,D,A,B,B,B,C,D,D,A,C,B,D,A,C,D,D,C,D,A,B,C,D,A,B,B
Ex280,F,Y,A,D,B,D,B,D,A,C,D,C,A,A,C,B,B,D,D,C,C,B,C,B,D,A,D,A,D,D,C,D,D,C,D,A,B,C,A,A,B,B
Ex281,F,Y,A,D,C,C,B,D,A,C,D,B,A,B,D,C,C,D,A,B,B,B,C,B,D,A,C,A,D,C,C,A,D,B,D,A,B,C,A,A,C,B
Ex282,F,Y,A,D,C,D,B,D,A,C,D,B,B,A,D,C,C,D,A,B,B,B,C,D,D,A,C,C,D,A,C,D,D,C,D,A,A,C,D,C,B,B
Ex283,F,Y,A,C,C,D,B,D,A,C,D,B,A,A,D,C,C,B,A,B,B,B,C,D,D,A,C,B,D,A,C,D,D,C,D,A,B,C,D,C,B,B
Ex284,F,Y,A,D,C,D,B,D,A,C,D,B,A,B,D,C,C,D,A,B,B,B,C,D,D,A,C,C,D,A,C,D,D,C,D,A,B,C,D,A,B,B
Ex285,F,Y,A,D,B,D,B,D,C,C,D,B,A,C,D,C,C,B,B,C,B,C,C,C,D,A,C,B,D,C,C,D,D,C,D,A,A,C,A,A,C,B
Ex286,F,Y,B,D,C,D,B,D,A,C,D,B,A,A,D,C,C,D,A,B,B,B,C,D,D,A,C,B,D,A,C,D,D,C,D,A,B,C,D,A,B,B
Ex287,F,Y,A,D,C,D,B,C,A,C,D,B,A,A,D,C,C,B,A,B,B,B,C,D,D,A,C,B,D,A,C,D,D,C,D,A,B,C,D,A,B,B
Ex288,F,Y,A,D,B,D,B,B,A,C,A,C,A,A,A,C,C,D,A,A,C,B,C,A,D,A,D,B,D,D,C,D,D,C,D,B,A,C,A,D,B,B
Ex289,F,Y,A,D,C,D,B,D,A,C,C,B,A,A,D,C,C,D,A,C,B,B,C,D,D,A,C,A,C,C,C,D,C,C,D,A,B,C,A,C,A,B
Ex290,F,Y,A,D,C,D,B,D,A,C,D,B,A,A,D,C,C,D,A,B,B,B,C,D,D,A,D,B,D,C,C,D,D,C,D,B,B,C,D,A,B,B
Ex291,F,Y,A,A,C,C,B,D,D,C,D,B,A,B,D,C,C,D,A,B,B,B,C,B,D,A,C,A,D,C,C,A,D,B,D,A,B,C,A,A,C,B
Ex292,F,Y,A,D,C,D,B,D,A,C,D,B,B,A,D,D,C,D,A,B,B,B,C,D,D,A,C,C,D,A,C,D,D,C,D,A,A,C,D,C,B,B
Ex293,F,Y,A,C,C,A,B,D,A,C,A,B,A,A,C,C,C,B,A,B,A,B,C,A,D,A,C,B,D,A,C,D,D,C,D,A,B,C,D,C,B,B
Ex294,F,Y,A,D,C,D,B,A,A,C,D,B,A,B,B,C,C,D,A,B,B,B,C,D,D,A,C,C,D,A,C,D,D,C,D,A,B,C,D,A,B,B
Ex295,F,Y,A,D,B,D,B,D,C,A,D,B,A,C,D,C,D,B,B,C,B,C,C,C,D,A,C,B,D,C,C,D,D,C,D,A,A,C,A,A,C,B
Ex296,F,Y,B,D,C,D,B,D,A,C,D,B,A,A,D,C,C,D,A,B,B,B,B,D,D,A,C,B,D,A,C,D,D,C,D,A,B,C,D,A,B,B
Ex297,F,Y,A,A,C,A,B,C,A,C,D,B,A,A,D,C,C,B,A,B,B,B,C,D,A,A,C,B,D,A,C,D,D,C,D,A,B,B,D,A,B,B
Ex298,F,Y,A,D,B,D,B,B,A,C,A,C,A,A,A,C,C,D,A,A,C,B,C,A,D,A,D,B,D,B,C,D,D,C,D,B,A,C,A,D,B,B
Ex299,F,Y,A,D,C,D,B,D,A,C,C,B,A,A,A,C,C,D,A,C,B,B,C,D,D,A,C,A,C,C,C,B,C,C,D,A,B,C,A,C,A,B
Ex300,F,Y,A,D,C,D,B,D,A,C,D,B,A,A,D,C,A,D,A,B,B,B,C,D,D,A,D,B,D,C,C,D,D,C,B,B,B,C,D,A,B,B
Ex301,M,Y,A,D,C,D,A,D,A,C,D,B,A,A,D,C,C,D,A,B,B,B,C,D,D,A,C,B,D,A,C,D,D,C,D,A,B,C,S,S,S,S
Ex302,M,Y,A,D,C,D,B,D,A,C,D,B,A,A,D,C,C,D,A,B,B,B,B,D,B,A,C,B,D,A,C,D,D,C,D,A,B,C,C,A,S,S
Ex303,M,Y,A,D,C,D,B,D,A,A,D,A,A,A,D,C,C,D,A,B,A,B,C,D,B,A,C,B,D,A,C,D,D,C,D,A,B,A,D,A,S,S
Ex304,M,Y,A,D,C,D,B,D,A,C,D,B,A,A,D,C,C,D,A,B,B,B,C,A,D,A,C,B,D,A,C,D,D,C,D,A,B,C,D,A,S,S
Ex305,M,Y,A,D,C,D,B,D,A,C,D,B,A,A,D,C,C,A,A,B,B,B,C,D,D,A,C,B,D,B,C,D,D,C,D,A,B,C,C,A,S,S
Ex306,M,Y,A,D,C,A,B,A,A,C,A,B,A,A,D,C,C,D,A,B,B,B,C,D,A,A,C,B,D,C,C,A,D,C,D,A,B,C,D,A,A,A
Ex307,M,Y,A,D,C,D,B,D,A,C,D,B,A,A,D,C,C,A,A,B,C,B,C,D,D,C,C,B,D,C,C,D,D,C,D,A,B,C,D,A,B,B
Ex308,M,Y,D,D,A,D,B,D,A,C,D,B,A,A,D,C,C,D,A,B,B,B,B,D,D,A,C,B,D,D,C,D,D,B,D,B,B,A,D,A,B,B
Ex309,M,Y,A,D,C,D,B,D,A,C,D,B,A,A,D,C,C,D,A,C,B,B,C,A,D,A,C,B,D,B,C,D,D,C,D,A,B,C,A,A,B,B
Ex310,M,Y,A,C,C,D,B,D,A,C,D,C,A,A,D,C,C,D,A,B,B,B,C,D,A,A,C,B,D,C,C,C,D,C,D,A,C,C,D,A,B,B
Ex311,M,Y,A,D,C,D,B,D,A,C,D,B,A,A,D,C,C,D,A,B,B,B,C,D,D,A,C,B,D,A,C,D,D,C,D,A,B,C,C,A,B,B
Ex312,M,Y,A,D,C,D,B,D,A,C,D,B,A,A,D,C,C,D,A,B,B,B,C,D,D,A,C,C,D,D,C,D,D,C,D,A,B,C,D,A,B,B
Ex313,M,Y,A,D,C,D,B,D,A,C,D,C,A,A,D,C,C,D,A,B,B,B,C,A,D,D,C,B,D,C,C,D,A,B,D,A,B,C,D,A,B,B
Ex314,M,Y,A,D,A,D,B,D,A,C,D,B,A,A,D,C,C,D,A,B,B,B,C,A,D,A,C,B,D,A,C,D,D,C,D,B,B,A,D,A,B,B
Ex315,M,Y,A,D,C,D,B,D,A,C,D,B,A,A,D,C,C,D,A,A,C,B,B,D,C,A,B,B,D,D,C,A,D,C,D,A,B,C,D,A,A,B
Ex316,M,Y,A,D,C,D,B,D,A,C,D,B,A,A,D,D,C,D,A,B,B,B,C,D,D,A,C,B,D,A,C,D,D,C,D,A,B,C,D,A,B,B
Ex317,M,Y,A,D,C,D,B,D,A,C,D,B,A,A,D,A,C,D,A,B,B,B,C,D,D,A,C,B,D,C,C,C,D,C,D,A,B,C,D,A,B,B
Ex318,M,Y,A,D,A,D,B,D,A,C,C,B,A,A,D,C,C,D,A,B,D,B,D,C,D,D,C,C,D,D,C,D,B,B,D,A,B,A,D,C,B,B
Ex319,M,Y,A,A,D,D,B,D,A,D,D,B,C,C,D,D,D,A,A,B,B,A,C,C,D,A,C,C,D,C,C,D,D,C,D,B,B,A,D,A,B,B
Ex320,M,Y,B,D,C,D,B,D,A,C,D,B,A,A,D,C,C,D,A,B,C,B,C,D,C,A,C,A,D,A,C,D,D,C,D,A,B,C,D,A,B,B
Ex321,M,Y,A,D,C,D,B,B,A,C,D,B,A,B,D,C,C,D,A,B,B,B,C,D,D,A,C,B,D,B,C,D,D,C,D,A,B,C,D,A,B,B
Ex322,M,Y,A,B,C,D,B,D,A,C,D,B,A,A,D,B,C,D,A,B,B,B,C,C,D,C,B,A,D,C,C,C,A,C,D,B,C,C,B,C,C,B
Ex323,M,Y,A,D,C,D,B,D,A,C,D,B,A,A,D,C,C,B,A,B,B,B,C,C,D,A,C,B,D,B,C,D,D,C,D,A,B,C,D,A,B,B
Ex324,M,Y,A,D,C,D,B,D,A,C,D,B,A,A,C,C,C,D,A,B,B,B,C,D,D,A,C,B,A,A,C,A,D,A,C,A,C,C,D,A,B,B
Ex325,M,Y,A,D,B,D,B,D,A,C,D,B,A,A,D,C,C,D,A,B,B,B,C,D,D,A,C,B,D,C,C,D,D,C,D,A,B,C,C,A,B,B
Ex326,M,Y,A,D,C,D,B,D,A,C,D,B,A,A,D,A,C,D,A,B,B,B,C,C,D,A,C,D,D,A,C,D,D,C,D,A,B,C,D,A,B,B
Ex327,M,Y,A,D,C,D,B,D,A,C,D,B,A,A,D,C,B,D,A,B,B,B,C,C,C,C,B,B,D,D,C,A,A,C,D,A,B,C,D,A,B,A
Ex328,M,Y,A,D,C,D,B,D,A,B,D,B,A,A,D,C,C,D,A,B,B,B,C,D,C,A,C,B,D,A,C,D,D,C,D,A,B,C,C,A,B,B
Ex329,M,Y,A,D,C,D,B,D,A,D,D,B,A,A,D,C,C,D,A,D,B,B,A,A,D,A,C,D,D,A,C,D,D,A,D,A,B,C,D,C,B,B
Ex330,M,Y,A,D,C,D,B,D,A,C,D,B,A,A,D,C,C,D,A,B,B,B,C,D,D,A,C,B,D,A,C,D,D,C,D,A,B,C,D,A,B,B
Ex331,F,Y,B,D,C,D,B,B,A,C,D,B,B,C,D,C,C,C,A,D,B,B,C,C,D,A,D,B,D,C,C,D,D,C,D,A,C,D,A,C,B,B
Ex332,F,Y,A,D,D,D,B,D,A,C,D,B,A,A,D,C,C,D,A,B,B,B,C,A,D,A,C,A,D,D,C,A,A,C,D,A,C,C,D,A,B,B
Ex333,F,Y,A,D,C,D,B,D,A,C,D,B,A,A,D,C,C,D,A,B,B,B,C,A,D,A,C,B,D,A,C,D,D,C,D,A,B,C,D,A,B,B
Ex334,F,Y,A,D,C,D,B,D,A,C,D,B,A,A,D,A,C,D,A,B,B,B,C,D,D,A,D,D,D,D,C,D,D,C,D,A,B,C,D,A,B,B
Ex335,F,Y,A,D,C,D,B,D,A,C,D,A,A,A,D,C,C,D,A,B,A,B,C,D,B,A,C,D,D,C,C,D,D,C,A,A,B,C,D,A,C,B
Ex336,F,Y,A,D,B,D,B,B,A,C,B,B,C,C,D,D,C,D,A,B,B,B,A,A,D,B,C,A,D,D,C,D,D,C,D,A,B,C,A,A,B,A
Ex337,F,Y,A,D,C,D,B,D,A,C,D,B,A,A,D,C,C,D,A,B,B,B,C,D,D,A,C,B,D,A,C,D,A,B,D,A,B,C,D,A,B,B
Ex338,F,Y,A,D,C,D,B,D,A,C,D,B,A,A,D,A,C,D,A,B,B,B,C,D,D,A,D,A,D,A,C,D,D,C,D,A,A,C,A,A,C,B
Ex339,F,Y,A,D,C,D,B,D,A,C,D,B,A,A,D,C,C,D,A,B,B,B,C,D,D,A,C,B,D,A,C,D,D,C,D,A,B,C,D,A,B,B
Ex340,F,Y,A,D,B,D,B,D,A,C,D,C,A,A,C,B,B,D,D,C,C,B,C,B,D,A,D,A,D,D,C,D,D,C,D,A,B,C,A,A,B,B
Ex341,F,Y,A,D,C,C,B,D,A,C,D,B,A,B,D,C,C,D,A,B,B,B,C,B,D,A,C,A,D,C,C,A,D,B,D,A,B,C,A,A,C,B
Ex342,F,Y,A,D,C,D,B,D,A,C,D,B,B,A,D,C,C,D,A,B,B,B,C,D,D,A,C,C,D,A,C,D,D,C,D,A,A,C,D,C,B,B
Ex343,F,Y,A,C,C,D,B,D,A,C,D,B,A,A,D,C,C,B,A,B,B,B,C,D,D,A,C,B,D,A,C,D,D,C,D,A,B,C,D,C,B,B
Ex344,F,Y,A,D,C,D,B,D,A,C,D,B,A,B,D,C,C,D,A,B,B,B,C,D,D,A,C,C,D,A,C,D,D,C,D,A,B,C,D,A,B,B
Ex345,F,Y,A,D,B,D,B,D,C,C,D,B,A,C,D,C,C,B,B,C,B,C,C,C,D,A,C,B,D,C,C,D,D,C,D,A,A,C,A,A,C,B
Ex346,F,Y,B,D,C,D,B,D,A,C,D,B,A,A,D,C,C,D,A,B,B,B,C,D,D,A,C,B,D,A,C,D,D,C,D,A,B,C,D,A,B,B
Ex347,F,Y,A,D,C,D,B,C,A,C,D,B,A,A,D,C,C,B,A,B,B,B,C,D,D,A,C,B,D,A,C,D,D,C,D,A,B,C,D,A,B,B
Ex348,F,Y,A,D,B,D,B,B,A,C,A,C,A,A,A,C,C,D,A,A,C,B,C,A,D,A,D,B,D,D,C,D,D,C,D,B,A,C,A,D,B,B
Ex349,F,Y,A,D,C,D,B,D,A,C,C,B,A,A,D,C,C,D,A,C,B,B,C,D,D,A,C,A,C,C,C,D,C,C,D,A,B,C,A,C,A,B
Ex350,F,Y,A,D,C,D,B,D,A,C,D,B,A,A,D,C,C,D,A,B,B,B,C,D,D,A,D,B,D,C,C,D,D,C,D,B,B,C,D,A,B,B
Ex351,F,Y,A,A,C,C,B,D,D,C,D,B,A,B,D,C,C,D,A,B,B,B,C,B,D,A,C,A,D,C,C,A,D,B,D,A,B,C,A,A,C,B
Ex352,F,Y,A,D,C,D,B,D,A,C,D,B,B,A,D,D,C,D,A,B,B,B,C,D,D,A,C,C,D,A,C,D,D,C,D,A,A,C,D,C,B,B
Ex353,F,Y,A,C,C,A,B,D,A,C,A,B,A,A,C,C,C,B,A,B,A,B,C,A,D,A,C,B,D,A,C,D,D,C,D,A,B,C,D,C,B,B
Ex354,F,Y,A,D,C,D,B,A,A,C,D,B,A,B,B,C,C,D,A,B,B,B,C,D,D,A,C,C,D,A,C,D,D,C,D,A,B,C,D,A,B,B
Ex355,F,Y,A,D,B,D,B,D,C,A,D,B,A,C,D,C,D,B,B,C,B,C,C,C,D,A,C,B,D,C,C,D,D,C,D,A,A,C,A,A,C,B
Ex356,F,Y,B,D,C,D,B,D,A,C,D,B,A,A,D,C,C,D,A,B,B,B,B,D,D,A,C,B,D,A,C,D,D,C,D,A,B,C,D,A,B,B
Ex357,F,Y,A,A,C,A,B,C,A,C,D,B,A,A,D,C,C,B,A,B,B,B,C,D,A,A,C,B,D,A,C,D,D,C,D,A,B,B,D,A,B,B
Ex358,F,Y,A,D,B,D,B,B,A,C,A,C,A,A,A,C,C,D,A,A,C,B,C,A,D,A,D,B,D,B,C,D,D,C,D,B,A,C,A,D,B,B
Ex359,F,Y,A,D,C,D,B,D,A,C,C,B,A,A,A,C,C,D,A,C,B,B,C,D,D,A,C,A,C,C,C,B,C,C,D,A,B,C,A,C,A,B
Ex360,F,Y,A,D,C,D,B,D,A,C,D,B,A,A,D,C,A,D,A,B,B,B,C,D,D,A,D,B,D,C,C,D,D,C,B,B,B,C,D,A,B,B
Ex361,M,Y,A,D,C,D,A,D,A,C,D,B,A,A,D,C,C,D,A,B,B,B,C,D,D,A,C,B,D,A,C,D,D,C,D,A,B,C,S,S,S,S
Ex362,M,Y,A,D,C,D,B,D,A,C,D,B,A,A,D,C,C,D,A,B,B,B,B,D,B,A,C,B,D,A,C,D,D,C,D,A,B,C,C,A,S,S
Ex363,M,Y,A,D,C,D,B,D,A,A,D,A,A,A,D,C,C,D,A,B,A,B,C,D,B,A,C,B,D,A,C,D,D,C,D,A,B,A,D,A,S,S
Ex364,M,Y,A,D,C,D,B,D,A,C,D,B,A,A,D,C,C,D,A,B,B,B,C,A,D,A,C,B,D,A,C,D,D,C,D,A,B,C,D,A,S,S
Ex365,M,Y,A,D,C,D,B,D,A,C,D,B,A,A,D,C,C,A,A,B,B,B,C,D,D,A,C,B,D,B,C,D,D,C,D,A,B,C,C,A,S,S
Ex366,M,Y,A,D,C,A,B,A,A,C,A,B,A,A,D,C,C,D,A,B,B,B,C,D,A,A,C,B,D,C,C,A,D,C,D,A,B,C,D,A,A,A
Ex367,M,Y,A,D,C,D,B,D,A,C,D,B,A,A,D,C,C,A,A,B,C,B,C,D,D,C,C,B,D,C,C,D,D,C,D,A,B,C,D,A,B,B
Ex368,M,Y,D,D,A,D,B,D,A,C,D,B,A,A,D,C,C,D,A,B,B,B,B,D,D,A,C,B,D,D,C,D,D,B,D,B,B,A,D,A,B,B
Ex369,M,Y,A,D,C,D,B,D,A,C,D,B,A,A,D,C,C,D,A,C,B,B,C,A,D,A,C,B,D,B,C,D,D,C,D,A,B,C,A,A,B,B
Ex370,M,Y,A,C,C,D,B,D,A,C,D,C,A,A,D,C,C,D,A,B,B,B,C,D,A,A,C,B,D,C,C,C,D,C,D,A,C,C,D,A,B,B
Ex371,M,Y,A,D,C,D,B,D,A,C,D,B,A,A,D,C,C,D,A,B,B,B,C,D,D,A,C,B,D,A,C,D,D,C,D,A,B,C,C,A,B,B
Ex372,M,Y,A,D,C,D,B,D,A,C,D,B,A,A,D,C,C,D,A,B,B,B,C,D,D,A,C,C,D,D,C,D,D,C,D,A,B,C,D,A,B,B
Ex373,M,Y,A,D,C,D,B,D,A,C,D,C,A,A,D,C,C,D,A,B,B,B,C,A,D,D,C,B,D,C,C,D,A,B,D,A,B,C,D,A,B,B
Ex374,M,Y,A,D,A,D,B,D,A,C,D,B,A,A,D,C,C,D,A,B,B,B,C,A,D,A,C,B,D,A,C,D,D,C,D,B,B,A,D,A,B,B
Ex375,M,Y,A,D,C,D,B,D,A,C,D,B,A,A,D,C,C,D,A,A,C,B,B,D,C,A,B,B,D,D,C,A,D,C,D,A,B,C,D,A,A,B
Ex376,M,Y,A,D,C,D,B,D,A,C,D,B,A,A,D,D,C,D,A,B,B,B,C,D,D,A,C,B,D,A,C,D,D,C,D,A,B,C,D,A,B,B
Ex377,M,Y,A,D,C,D,B,D,A,C,D,B,A,A,D,A,C,D,A,B,B,B,C,D,D,A,C,B,D,C,C,C,D,C,D,A,B,C,D,A,B,B
Ex378,M,Y,A,D,A,D,B,D,A,C,C,B,A,A,D,C,C,D,A,B,D,B,D,C,D,D,C,C,D,D,C,D,B,B,D,A,B,A,D,C,B,B
Ex379,M,Y,A,A,D,D,B,D,A,D,D,B,C,C,D,D,D,A,A,B,B,A,C,C,D,A,C,C,D,C,C,D,D,C,D,B,B,A,D,A,B,B
Ex380,M,Y,B,D,C,D,B,D,A,C,D,B,A,A,D,C,C,D,A,B,C,B,C,D,C,A,C,A,D,A,C,D,D,C,D,A,B,C,D,A,B,B
Ex381,M,Y,A,D,C,D,B,B,A,C,D,B,A,B,D,C,C,D,A,B,B,B,C,D,D,A,C,B,D,B,C,D,D,C,D,A,B,C,D,A,B,B
Ex382,M,Y,A,B,C,D,B,D,A,C,D,B,A,A,D,B,C,D,A,B,B,B,C,C,D,C,B,A,D,C,C,C,A,C,D,B,C,C,B,C,C,B
Ex383,M,Y,A,D,C,D,B,D,A,C,D,B,A,A,D,C,C,B,A,B,B,B,C,C,D,A,C,B,D,B,C,D,D,C,D,A,B,C,D,A,B,B
Ex384,M,Y,A,D,C,D,B,D,A,C,D,B,A,A,C,C,C,D,A,B,B,B,C,D,D,A,C,B,A,A,C,A,D,A,C,A,C,C,D,A,B,B
Ex385,M,Y,A,D,B,D,B,D,A,C,D,B,A,A,D,C,C,D,A,B,B,B,C,D,D,A,C,B,D,C,C,D,D,C,D,A,B,C,C,A,B,B
Ex386,M,Y,A,D,C,D,B,D,A,C,D,B,A,A,D,A,C,D,A,B,B,B,C,C,D,A,C,D,D,A,C,D,D,C,D,A,B,C,D,A,B,B
Ex387,M,Y,A,D,C,D,B,D,A,C,D,B,A,A,D,C,B,D,A,B,B,B,C,C,C,C,B,B,D,D,C,A,A,C,D,A,B,C,D,A,B,A
Ex388,M,Y,A,D,C,D,B,D,A,B,D,B,A,A,D,C,C,D,A,B,B,B,C,D,C,A,C,B,D,A,C,D,D,C,D,A,B,C,C,A,B,B
Ex389,M,Y,A,D,C,D,B,D,A,D,D,B,A,A,D,C,C,D,A,D,B,B,A,A,D,A,C,D,D,A,C,D,D,A,D,A,B,C,D,C,B,B
Ex390,M,Y,A,D,C,D,B,D,A,C,D,B,A,A,D,C,C,D,A,B,B,B,C,D,D,A,C,B,D,A,C,D,D,C,D,A,B,C,D,A,B,B
Ex391,F,Y,B,D,C,D,B,B,A,C,D,B,B,C,D,C,C,C,A,D,B,B,C,C,D,A,D,B,D,C,C,D,D,C,D,A,C,D,A,C,B,B
Ex392,F,Y,A,D,D,D,B,D,A,C,D,B,A,A,D,C,C,D,A,B,B,B,C,A,D,A,C,A,D,D,C,A,A,C,D,A,C,C,D,A,B,B
Ex393,F,Y,A,D,C,D,B,D,A,C,D,B,A,A,D,C,C,D,A,B,B,B,C,A,D,A,C,B,D,A,C,D,D,C,D,A,B,C,D,A,B,B
Ex394,F,Y,A,D,C,D,B,D,A,C,D,B,A,A,D,A,C,D,A,B,B,B,C,D,D,A,D,D,D,D,C,D,D,C,D,A,B,C,D,A,B,B
Ex395,F,Y,A,D,C,D,B,D,A,C,D,A,A,A,D,C,C,D,A,B,A,B,C,D,B,A,C,D,D,C,C,D,D,C,A,A,B,C,D,A,C,B
Ex396,F,Y,A,D,B,D,B,B,A,C,B,B,C,C,D,D,C,D,A,B,B,B,A,A,D,B,C,A,D,D,C,D,D,C,D,A,B,C,A,A,B,A
Ex397,F,Y,A,D,C,D,B,D,A,C,D,B,A,A,D,C,C,D,A,B,B,B,C,D,D,A,C,B,D,A,C,D,A,B,D,A,B,C,D,A,B,B
Ex398,F,Y,A,D,C,D,B,D,A,C,D,B,A,A,D,A,C,D,A,B,B,B,C,D,D,A,D,A,D,A,C,D,D,C,D,A,A,C,A,A,C,B
Ex399,F,Y,A,D,C,D,B,D,A,C,D,B,A,A,D,C,C,D,A,B,B,B,C,D,D,A,C,B,D,A,C,D,D,C,D,A,B,C,D,A,B,B
Ex400,F,Y,A,D,B,D,B,D,A,C,D,C,A,A,C,B,B,D,D,C,C,B,C,B,D,A,D,A,D,D,C,D,D,C,D,A,B,C,A,A,B,B
Ex401,F,Y,A,D,C,C,B,D,A,C,D,B,A,B,D,C,C,D,A,B,B,B,C,B,D,A,C,A,D,C,C,A,D,B,D,A,B,C,A,A,C,B
Ex402,F,Y,A,D,C,D,B,D,A,C,D,B,B,A,D,C,C,D,A,B,B,B,C,D,D,A,C,C,D,A,C,D,D,C,D,A,A,C,D,C,B,B
Ex403,F,Y,A,C,C,D,B,D,A,C,D,B,A,A,D,C,C,B,A,B,B,B,C,D,D,A,C,B,D,A,C,D,D,C,D,A,B,C,D,C,B,B
Ex404,F,Y,A,D,C,D,B,D,A,C,D,B,A,B,D,C,C,D,A,B,B,B,C,D,D,A,C,C,D,A,C,D,D,C,D,A,B,C,D,A,B,B
Ex405,F,Y,A,D,B,D,B,D,C,C,D,B,A,C,D,C,C,B,B,C,B,C,C,C,D,A,C,B,D,C,C,D,D,C,D,A,A,C,A,A,C,B
Ex406,F,Y,B,D,C,D,B,D,A,C,D,B,A,A,D,C,C,D,A,B,B,B,C,D,D,A,C,B,D,A,C,D,D,C,D,A,B,C,D,A,B,B
Ex407,F,Y,A,D,C,D,B,C,A,C,D,B,A,A,D,C,C,B,A,B,B,B,C,D,D,A,C,B,D,A,C,D,D,C,D,A,B,C,D,A,B,B
Ex408,F,Y,A,D,B,D,B,B,A,C,A,C,A,A,A,C,C,D,A,A,C,B,C,A,D,A,D,B,D,D,C,D,D,C,D,B,A,C,A,D,B,B
Ex409,F,Y,A,D,C,D,B,D,A,C,C,B,A,A,D,C,C,D,A,C,B,B,C,D,D,A,C,A,C,C,C,D,C,C,D,A,B,C,A,C,A,B
Ex410,F,Y,A,D,C,D,B,D,A,C,D,B,A,A,D,C,C,D,A,B,B,B,C,D,D,A,D,B,D,C,C,D,D,C,D,B,B,C,D,A,B,B
Ex411,F,Y,A,A,C,C,B,D,D,C,D,B,A,B,D,C,C,D,A,B,B,B,C,B,D,A,C,A,D,C,C,A,D,B,D,A,B,C,A,A,C,B
Ex412,F,Y,A,D,C,D,B,D,A,C,D,B,B,A,D,D,C,D,A,B,B,B,C,D,D,A,C,C,D,A,C,D,D,C,D,A,A,C,D,C,B,B
Ex413,F,Y,A,C,C,A,B,D,A,C,A,B,A,A,C,C,C,B,A,B,A,B,C,A,D,A,C,B,D,A,C,D,D,C,D,A,B,C,D,C,B,B
Ex414,F,Y,A,D,C,D,B,A,A,C,D,B,A,B,B,C,C,D,A,B,B,B,C,D,D,A,C,C,D,A,C,D,D,C,D,A,B,C,D,A,B,B
Ex415,F,Y,A,D,B,D,B,D,C,A,D,B,A,C,D,C,D,B,B,C,B,C,C,C,D,A,C,B,D,C,C,D,D,C,D,A,A,C,A,A,C,B
Ex416,F,Y,B,D,C,D,B,D,A,C,D,B,A,A,D,C,C,D,A,B,B,B,B,D,D,A,C,B,D,A,C,D,D,C,D,A,B,C,D,A,B,B
Ex417,F,Y,A,A,C,A,B,C,A,C,D,B,A,A,D,C,C,B,A,B,B,B,C,D,A,A,C,B,D,A,C,D,D,C,D,A,B,B,D,A,B,B
Ex418,F,Y,A,D,B,D,B,B,A,C,A,C,A,A,A,C,C,D,A,A,C,B,C,A,D,A,D,B,D,B,C,D,D,C,D,B,A,C,A,D,B,B
Ex419,F,Y,A,D,C,D,B,D,A,C,C,B,A,A,A,C,C,D,A,C,B,B,C,D,D,A,C,A,C,C,C,B,C,C,D,A,B,C,A,C,A,B
Ex420,F,Y,A,D,C,D,B,D,A,C,D,B,A,A,D,C,A,D,A,B,B,B,C,D,D,A,D,B,D,C,C,D,D,C,B,B,B,C,D,A,B,B
Ex421,M,Y,A,D,C,D,A,D,A,C,D,B,A,A,D,C,C,D,A,B,B,B,C,D,D,A,C,B,D,A,C,D,D,C,D,A,B,C,S,S,S,S
Ex422,M,Y,A,D,C,D,B,D,A,C,D,B,A,A,D,C,C,D,A,B,B,B,B,D,B,A,C,B,D,A,C,D,D,C,D,A,B,C,C,A,S,S
Ex423,M,Y,A,D,C,D,B,D,A,A,D,A,A,A,D,C,C,D,A,B,A,B,C,D,B,A,C,B,D,A,C,D,D,C,D,A,B,A,D,A,S,S
Ex424,M,Y,A,D,C,D,B,D,A,C,D,B,A,A,D,C,C,D,A,B,B,B,C,A,D,A,C,B,D,A,C,D,D,C,D,A,B,C,D,A,S,S
Ex425,M,Y,A,D,C,D,B,D,A,C,D,B,A,A,D,C,C,A,A,B,B,B,C,D,D,A,C,B,D,B,C,D,D,C,D,A,B,C,C,A,S,S
Ex426,M,Y,A,D,C,A,B,A,A,C,A,B,A,A,D,C,C,D,A,B,B,B,C,D,A,A,C,B,D,C,C,A,D,C,D,A,B,C,D,A,A,A
Ex427,M,Y,A,D,C,D,B,D,A,C,D,B,A,A,D,C,C,A,A,B,C,B,C,D,D,C,C,B,D,C,C,D,D,C,D,A,B,C,D,A,B,B
Ex428,M,Y,D,D,A,D,B,D,A,C,D,B,A,A,D,C,C,D,A,B,B,B,B,D,D,A,C,B,D,D,C,D,D,B,D,B,B,A,D,A,B,B
Ex429,M,Y,A,D,C,D,B,D,A,C,D,B,A,A,D,C,C,D,A,C,B,B,C,A,D,A,C,B,D,B,C,D,D,C,D,A,B,C,A,A,B,B
Ex430,M,Y,A,C,C,D,B,D,A,C,D,C,A,A,D,C,C,D,A,B,B,B,C,D,A,A,C,B,D,C,C,C,D,C,D,A,C,C,D,A,B,B
Ex431,M,Y,A,D,C,D,B,D,A,C,D,B,A,A,D,C,C,D,A,B,B,B,C,D,D,A,C,B,D,A,C,D,D,C,D,A,B,C,C,A,B,B
Ex432,M,Y,A,D,C,D,B,D,A,C,D,B,A,A,D,C,C,D,A,B,B,B,C,D,D,A,C,C,D,D,C,D,D,C,D,A,B,C,D,A,B,B
Ex433,M,Y,A,D,C,D,B,D,A,C,D,C,A,A,D,C,C,D,A,B,B,B,C,A,D,D,C,B,D,C,C,D,A,B,D,A,B,C,D,A,B,B
Ex434,M,Y,A,D,A,D,B,D,A,C,D,B,A,A,D,C,C,D,A,B,B,B,C,A,D,A,C,B,D,A,C,D,D,C,D,B,B,A,D,A,B,B
Ex435,M,Y,A,D,C,D,B,D,A,C,D,B,A,A,D,C,C,D,A,A,C,B,B,D,C,A,B,B,D,D,C,A,D,C,D,A,B,C,D,A,A,B
Ex436,M,Y,A,D,C,D,B,D,A,C,D,B,A,A,D,D,C,D,A,B,B,B,C,D,D,A,C,B,D,A,C,D,D,C,D,A,B,C,D,A,B,B
Ex437,M,Y,A,D,C,D,B,D,A,C,D,B,A,A,D,A,C,D,A,B,B,B,C,D,D,A,C,B,D,C,C,C,D,C,D,A,B,C,D,A,B,B
Ex438,M,Y,A,D,A,D,B,D,A,C,C,B,A,A,D,C,C,D,A,B,D,B,D,C,D,D,C,C,D,D,C,D,B,B,D,A,B,A,D,C,B,B
Ex439,M,Y,A,A,D,D,B,D,A,D,D,B,C,C,D,D,D,A,A,B,B,A,C,C,D,A,C,C,D,C,C,D,D,C,D,B,B,A,D,A,B,B
Ex440,M,Y,B,D,C,D,B,D,A,C,D,B,A,A,D,C,C,D,A,B,C,B,C,D,C,A,C,A,D,A,C,D,D,C,D,A,B,C,D,A,B,B
Ex441,M,Y,A,D,C,D,B,B,A,C,D,B,A,B,D,C,C,D,A,B,B,B,C,D,D,A,C,B,D,B,C,D,D,C,D,A,B,C,D,A,B,B
Ex442,M,Y,A,B,C,D,B,D,A,C,D,B,A,A,D,B,C,D,A,B,B,B,C,C,D,C,B,A,D,C,C,C,A,C,D,B,C,C,B,C,C,B
Ex443,M,Y,A,D,C,D,B,D,A,C,D,B,A,A,D,C,C,B,A,B,B,B,C,C,D,A,C,B,D,B,C,D,D,C,D,A,B,C,D,A,B,B
Ex444,M,Y,A,D,C,D,B,D,A,C,D,B,A,A,C,C,C,D,A,B,B,B,C,D,D,A,C,B,A,A,C,A,D,A,C,A,C,C,D,A,B,B
Ex445,M,Y,A,D,B,D,B,D,A,C,D,B,A,A,D,C,C,D,A,B,B,B,C,D,D,A,C,B,D,C,C,D,D,C,D,A,B,C,C,A,B,B
Ex446,M,Y,A,D,C,D,B,D,A,C,D,B,A,A,D,A,C,D,A,B,B,B,C,C,D,A,C,D,D,A,C,D,D,C,D,A,B,C,D,A,B,B
Ex447,M,Y,A,D,C,D,B,D,A,C,D,B,A,A,D,C,B,D,A,B,B,B,C,C,C,C,B,B,D,D,C,A,A,C,D,A,B,C,D,A,B,A
Ex448,M,Y,A,D,C,D,B,D,A,B,D,B,A,A,D,C,C,D,A,B,B,B,C,D,C,A,C,B,D,A,C,D,D,C,D,A,B,C,C,A,B,B
Ex449,M,Y,A,D,C,D,B,D,A,D,D,B,A,A,D,C,C,D,A,D,B,B,A,A,D,A,C,D,D,A,C,D,D,A,D,A,B,C,D,C,B,B
Ex450,M,Y,A,D,C,D,B,D,A,C,D,B,A,A,D,C,C,D,A,B,B,B,C,D,D,A,C,B,D,A,C,D,D,C,D,A,B,C,D,A,B,B
Ex451,F,Y,B,D,C,D,B,B,A,C,D,B,B,C,D,C,C,C,A,D,B,B,C,C,D,A,D,B,D,C,C,D,D,C,D,A,C,D,A,C,B,B
Ex452,F,Y,A,D,D,D,B,D,A,C,D,B,A,A,D,C,C,D,A,B,B,B,C,A,D,A,C,A,D,D,C,A,A,C,D,A,C,C,D,A,B,B
Ex453,F,Y,A,D,C,D,B,D,A,C,D,B,A,A,D,C,C,D,A,B,B,B,C,A,D,A,C,B,D,A,C,D,D,C,D,A,B,C,D,A,B,B
Ex454,F,Y,A,D,C,D,B,D,A,C,D,B,A,A,D,A,C,D,A,B,B,B,C,D,D,A,D,D,D,D,C,D,D,C,D,A,B,C,D,A,B,B
Ex455,F,Y,A,D,C,D,B,D,A,C,D,A,A,A,D,C,C,D,A,B,A,B,C,D,B,A,C,D,D,C,C,D,D,C,A,A,B,C,D,A,C,B
Ex456,F,Y,A,D,B,D,B,B,A,C,B,B,C,C,D,D,C,D,A,B,B,B,A,A,D,B,C,A,D,D,C,D,D,C,D,A,B,C,A,A,B,A
Ex457,F,Y,A,D,C,D,B,D,A,C,D,B,A,A,D,C,C,D,A,B,B,B,C,D,D,A,C,B,D,A,C,D,A,B,D,A,B,C,D,A,B,B
Ex458,F,Y,A,D,C,D,B,D,A,C,D,B,A,A,D,A,C,D,A,B,B,B,C,D,D,A,D,A,D,A,C,D,D,C,D,A,A,C,A,A,C,B
Ex459,F,Y,A,D,C,D,B,D,A,C,D,B,A,A,D,C,C,D,A,B,B,B,C,D,D,A,C,B,D,A,C,D,D,C,D,A,B,C,D,A,B,B
Ex460,F,Y,A,D,B,D,B,D,A,C,D,C,A,A,C,B,B,D,D,C,C,B,C,B,D,A,D,A,D,D,C,D,D,C,D,A,B,C,A,A,B,B
Ex461,F,Y,A,D,C,C,B,D,A,C,D,B,A,B,D,C,C,D,A,B,B,B,C,B,D,A,C,A,D,C,C,A,D,B,D,A,B,C,A,A,C,B
Ex462,F,Y,A,D,C,D,B,D,A,C,D,B,B,A,D,C,C,D,A,B,B,B,C,D,D,A,C,C,D,A,C,D,D,C,D,A,A,C,D,C,B,B
Ex463,F,Y,A,C,C,D,B,D,A,C,D,B,A,A,D,C,C,B,A,B,B,B,C,D,D,A,C,B,D,A,C,D,D,C,D,A,B,C,D,C,B,B
Ex464,F,Y,A,D,C,D,B,D,A,C,D,B,A,B,D,C,C,D,A,B,B,B,C,D,D,A,C,C,D,A,C,D,D,C,D,A,B,C,D,A,B,B
Ex465,F,Y,A,D,B,D,B,D,C,C,D,B,A,C,D,C,C,B,B,C,B,C,C,C,D,A,C,B,D,C,C,D,D,C,D,A,A,C,A,A,C,B
Ex466,F,Y,B,D,C,D,B,D,A,C,D,B,A,A,D,C,C,D,A,B,B,B,C,D,D,A,C,B,D,A,C,D,D,C,D,A,B,C,D,A,B,B
Ex467,F,Y,A,D,C,D,B,C,A,C,D,B,A,A,D,C,C,B,A,B,B,B,C,D,D,A,C,B,D,A,C,D,D,C,D,A,B,C,D,A,B,B
Ex468,F,Y,A,D,B,D,B,B,A,C,A,C,A,A,A,C,C,D,A,A,C,B,C,A,D,A,D,B,D,D,C,D,D,C,D,B,A,C,A,D,B,B
Ex469,F,Y,A,D,C,D,B,D,A,C,C,B,A,A,D,C,C,D,A,C,B,B,C,D,D,A,C,A,C,C,C,D,C,C,D,A,B,C,A,C,A,B
Ex470,F,Y,A,D,C,D,B,D,A,C,D,B,A,A,D,C,C,D,A,B,B,B,C,D,D,A,D,B,D,C,C,D,D,C,D,B,B,C,D,A,B,B
Ex471,F,Y,A,A,C,C,B,D,D,C,D,B,A,B,D,C,C,D,A,B,B,B,C,B,D,A,C,A,D,C,C,A,D,B,D,A,B,C,A,A,C,B
Ex472,F,Y,A,D,C,D,B,D,A,C,D,B,B,A,D,D,C,D,A,B,B,B,C,D,D,A,C,C,D,A,C,D,D,C,D,A,A,C,D,C,B,B
Ex473,F,Y,A,C,C,A,B,D,A,C,A,B,A,A,C,C,C,B,A,B,A,B,C,A,D,A,C,B,D,A,C,D,D,C,D,A,B,C,D,C,B,B
Ex474,F,Y,A,D,C,D,B,A,A,C,D,B,A,B,B,C,C,D,A,B,B,B,C,D,D,A,C,C,D,A,C,D,D,C,D,A,B,C,D,A,B,B
Ex475,F,Y,A,D,B,D,B,D,C,A,D,B,A,C,D,C,D,B,B,C,B,C,C,C,D,A,C,B,D,C,C,D,D,C,D,A,A,C,A,A,C,B
Ex476,F,Y,B,D,C,D,B,D,A,C,D,B,A,A,D,C,C,D,A,B,B,B,B,D,D,A,C,B,D,A,C,D,D,C,D,A,B,C,D,A,B,B
Ex477,F,Y,A,A,C,A,B,C,A,C,D,B,A,A,D,C,C,B,A,B,B,B,C,D,A,A,C,B,D,A,C,D,D,C,D,A,B,B,D,A,B,B
Ex478,F,Y,A,D,B,D,B,B,A,C,A,C,A,A,A,C,C,D,A,A,C,B,C,A,D,A,D,B,D,B,C,D,D,C,D,B,A,C,A,D,B,B
Ex479,F,Y,A,D,C,D,B,D,A,C,C,B,A,A,A,C,C,D,A,C,B,B,C,D,D,A,C,A,C,C,C,B,C,C,D,A,B,C,A,C,A,B
Ex480,F,Y,A,D,C,D,B,D,A,C,D,B,A,A,D,C,A,D,A,B,B,B,C,D,D,A,D,B,D,C,C,D,D,C,B,B,B,C,D,A,B,B
Ex481,M,Y,A,D,C,D,A,D,A,C,D,B,A,A,D,C,C,D,A,B,B,B,C,D,D,A,C,B,D,A,C,D,D,C,D,A,B,C,S,S,S,S
Ex482,M,Y,A,D,C,D,B,D,A,C,D,B,A,A,D,C,C,D,A,B,B,B,B,D,B,A,C,B,D,A,C,D,D,C,D,A,B,C,C,A,S,S
Ex483,M,Y,A,D,C,D,B,D,A,A,D,A,A,A,D,C,C,D,A,B,A,B,C,D,B,A,C,B,D,A,C,D,D,C,D,A,B,A,D,A,S,S
Ex484,M,Y,A,D,C,D,B,D,A,C,D,B,A,A,D,C,C,D,A,B,B,B,C,A,D,A,C,B,D,A,C,D,D,C,D,A,B,C,D,A,S,S
Ex485,M,Y,A,D,C,D,B,D,A,C,D,B,A,A,D,C,C,A,A,B,B,B,C,D,D,A,C,B,D,B,C,D,D,C,D,A,B,C,C,A,S,S
Ex486,M,Y,A,D,C,A,B,A,A,C,A,B,A,A,D,C,C,D,A,B,B,B,C,D,A,A,C,B,D,C,C,A,D,C,D,A,B,C,D,A,A,A
Ex487,M,Y,A,D,C,D,B,D,A,C,D,B,A,A,D,C,C,A,A,B,C,B,C,D,D,C,C,B,D,C,C,D,D,C,D,A,B,C,D,A,B,B
Ex488,M,Y,D,D,A,D,B,D,A,C,D,B,A,A,D,C,C,D,A,B,B,B,B,D,D,A,C,B,D,D,C,D,D,B,D,B,B,A,D,A,B,B
Ex489,M,Y,A,D,C,D,B,D,A,C,D,B,A,A,D,C,C,D,A,C,B,B,C,A,D,A,C,B,D,B,C,D,D,C,D,A,B,C,A,A,B,B
Ex490,M,Y,A,C,C,D,B,D,A,C,D,C,A,A,D,C,C,D,A,B,B,B,C,D,A,A,C,B,D,C,C,C,D,C,D,A,C,C,D,A,B,B
Ex491,M,Y,A,D,C,D,B,D,A,C,D,B,A,A,D,C,C,D,A,B,B,B,C,D,D,A,C,B,D,A,C,D,D,C,D,A,B,C,C,A,B,B
Ex492,M,Y,A,D,C,D,B,D,A,C,D,B,A,A,D,C,C,D,A,B,B,B,C,D,D,A,C,C,D,D,C,D,D,C,D,A,B,C,D,A,B,B
Ex493,M,Y,A,D,C,D,B,D,A,C,D,C,A,A,D,C,C,D,A,B,B,B,C,A,D,D,C,B,D,C,C,D,A,B,D,A,B,C,D,A,B,B
Ex494,M,Y,A,D,A,D,B,D,A,C,D,B,A,A,D,C,C,D,A,B,B,B,C,A,D,A,C,B,D,A,C,D,D,C,D,B,B,A,D,A,B,B
Ex495,M,Y,A,D,C,D,B,D,A,C,D,B,A,A,D,C,C,D,A,A,C,B,B,D,C,A,B,B,D,D,C,A,D,C,D,A,B,C,D,A,A,B
Ex496,M,Y,A,D,C,D,B,D,A,C,D,B,A,A,D,D,C,D,A,B,B,B,C,D,D,A,C,B,D,A,C,D,D,C,D,A,B,C,D,A,B,B
Ex497,M,Y,A,D,C,D,B,D,A,C,D,B,A,A,D,A,C,D,A,B,B,B,C,D,D,A,C,B,D,C,C,C,D,C,D,A,B,C,D,A,B,B
Ex498,M,Y,A,D,A,D,B,D,A,C,C,B,A,A,D,C,C,D,A,B,D,B,D,C,D,D,C,C,D,D,C,D,B,B,D,A,B,A,D,C,B,B
Ex499,M,Y,A,A,D,D,B,D,A,D,D,B,C,C,D,D,D,A,A,B,B,A,C,C,D,A,C,C,D,C,C,D,D,C,D,B,B,A,D,A,B,B
Ex500,M,Y,B,D,C,D,B,D,A,C,D,B,A,A,D,C,C,D,A,B,C,B,C,D,C,A,C,A,D,A,C,D,D,C,D,A,B,C,D,A,B,B
